GEO_ID,B25002_E001,B25002_M001,B25002_E002,B25002_M002,B25002_E003,B25002_M003
860Z200US90001,14211,581,13671,593,540,141
860Z200US90002,13662,489,13039,517,623,169
860Z200US90003,18436,542,17782,556,654,155
860Z200US90004,26308,743,24208,763,2100,314
860Z200US90005,20067,696,18289,748,1778,295
860Z200US90006,21822,667,19709,664,2113,305
860Z200US90007,14491,509,12633,564,1858,303
860Z200US90008,16033,711,14526,754,1507,385
860Z200US90010,3182,389,2696,342,486,189
860Z200US90011,25201,776,24106,797,1095,206
860Z200US90012,16878,749,15624,769,1254,287
860Z200US90013,10375,694,8458,701,1917,433
860Z200US90014,8102,590,7004,548,1098,308
860Z200US90015,14855,694,13366,790,1489,418
860Z200US90016,19955,701,18091,736,1864,376
860Z200US90017,16727,694,14606,736,2121,362
860Z200US90018,18128,582,16899,640,1229,226
860Z200US90019,26358,900,24006,955,2352,439
860Z200US90020,19479,770,17942,848,1537,374
860Z200US90021,1694,263,1498,252,196,104
860Z200US90022,17860,600,16968,592,892,205
860Z200US90023,12290,434,11774,437,516,145
860Z200US90024,20295,825,16771,845,3524,499
860Z200US90025,25903,850,23529,839,2374,444
860Z200US90026,29274,701,27129,704,2145,336
860Z200US90027,24463,473,22178,560,2285,396
860Z200US90028,23000,897,18807,809,4193,564
860Z200US90029,14554,450,13298,476,1256,252
860Z200US90031,12825,527,12313,529,512,138
860Z200US90032,14286,410,13603,422,683,156
860Z200US90033,13956,461,13212,476,744,175
860Z200US90034,29514,871,26653,949,2861,420
860Z200US90035,14366,731,12813,699,1553,335
860Z200US90036,22233,624,20565,671,1668,349
860Z200US90037,18745,657,17615,647,1130,258
860Z200US90038,15503,593,13496,558,2007,352
860Z200US90039,13454,627,12476,657,978,280
860Z200US90040,3341,205,3267,186,74,67
860Z200US90041,10608,482,9902,544,706,230
860Z200US90042,22639,592,21489,604,1150,259
860Z200US90043,18097,780,16805,787,1292,288
860Z200US90044,28238,920,26631,901,1607,336
860Z200US90045,18182,733,16420,657,1762,446
860Z200US90046,32219,961,28727,921,3492,469
860Z200US90047,18080,849,17329,887,751,224
860Z200US90048,14018,772,12327,740,1691,410
860Z200US90049,18727,593,16649,582,2078,411
860Z200US90052,0,14,0,14,0,14
860Z200US90056,3728,388,3444,364,284,186
860Z200US90057,18238,556,16987,628,1251,260
860Z200US90058,1234,240,1204,250,30,47
860Z200US90059,10654,572,10314,602,340,130
860Z200US90061,8649,621,8021,583,628,200
860Z200US90062,10200,376,9836,415,364,118
860Z200US90063,13754,444,12915,444,839,185
860Z200US90064,12954,552,11899,566,1055,261
860Z200US90065,17530,668,16745,672,785,167
860Z200US90066,27045,783,25279,818,1766,361
860Z200US90067,2592,269,2266,275,326,172
860Z200US90068,14701,629,12326,669,2375,425
860Z200US90069,15654,758,13596,748,2058,478
860Z200US90071,0,14,0,14,0,14
860Z200US90073,4,6,4,6,0,14
860Z200US90077,3749,292,3346,284,403,202
860Z200US90079,0,14,0,14,0,14
860Z200US90089,25,28,0,19,25,28
860Z200US90094,6949,458,6144,568,805,380
860Z200US90095,0,14,0,14,0,14
860Z200US90201,25330,533,24657,558,673,147
860Z200US90210,9531,440,8029,485,1502,321
860Z200US90211,4282,358,3825,353,457,173
860Z200US90212,6138,396,5540,471,598,236
860Z200US90220,14058,530,13455,528,603,159
860Z200US90221,12878,418,12398,420,480,148
860Z200US90222,8796,470,8471,454,325,127
860Z200US90230,14071,539,13177,587,894,279
860Z200US90232,7806,559,7223,540,583,234
860Z200US90240,8060,403,7775,394,285,149
860Z200US90241,15189,484,14682,540,507,208
860Z200US90242,12670,646,12419,664,251,120
860Z200US90245,7889,348,7437,341,452,213
860Z200US90247,17095,666,16214,643,881,249
860Z200US90248,4220,418,4080,421,140,89
860Z200US90249,9214,464,8891,473,323,136
860Z200US90250,34072,806,32594,862,1478,335
860Z200US90254,10385,502,8934,476,1451,343
860Z200US90255,19272,470,18670,484,602,143
860Z200US90260,10723,499,10206,483,517,168
860Z200US90262,15572,477,15133,477,439,142
860Z200US90263,0,14,0,14,0,14
860Z200US90265,8629,576,6262,427,2367,379
860Z200US90266,15281,473,13369,474,1912,298
860Z200US90270,6685,290,6560,279,125,64
860Z200US90272,9291,381,8357,411,934,251
860Z200US90274,10062,387,9194,355,868,237
860Z200US90275,16768,457,15219,379,1549,307
860Z200US90277,18095,593,16152,613,1943,386
860Z200US90278,16625,596,15726,568,899,309
860Z200US90280,25698,684,25164,665,534,160
860Z200US90290,2808,309,2359,206,449,239
860Z200US90291,17044,734,14337,750,2707,424
860Z200US90292,17351,976,13461,971,3890,791
860Z200US90293,7156,419,6657,466,499,181
860Z200US90301,13392,643,12722,664,670,203
860Z200US90302,11797,504,11077,541,720,256
860Z200US90303,7589,345,7203,367,386,138
860Z200US90304,7640,483,7210,442,430,152
860Z200US90305,6755,416,6133,435,622,196
860Z200US90401,6104,431,5256,430,848,284
860Z200US90402,5800,334,5016,339,784,226
860Z200US90403,14977,632,13165,645,1812,430
860Z200US90404,11801,628,10714,649,1087,257
860Z200US90405,15878,644,14312,712,1566,370
860Z200US90501,15985,542,14870,562,1115,266
860Z200US90502,6968,512,6708,524,260,166
860Z200US90503,18283,791,16964,702,1319,349
860Z200US90504,12368,590,11723,543,645,245
860Z200US90505,15154,600,13776,622,1378,335
860Z200US90506,0,14,0,14,0,14
860Z200US90601,11258,588,10867,565,391,157
860Z200US90602,8723,455,8163,477,560,188
860Z200US90603,6746,403,6504,418,242,171
860Z200US90604,12076,380,11725,422,351,168
860Z200US90605,11417,507,10883,516,534,220
860Z200US90606,9086,346,8801,389,285,141
860Z200US90620,13518,533,13226,499,292,170
860Z200US90621,11240,575,10977,574,263,148
860Z200US90623,5264,263,5176,256,88,96
860Z200US90630,16872,537,16224,516,648,188
860Z200US90631,23520,566,22730,577,790,232
860Z200US90638,15818,584,15421,571,397,155
860Z200US90639,0,14,0,14,0,14
860Z200US90640,20525,505,19822,478,703,215
860Z200US90650,27704,663,27216,703,488,181
860Z200US90660,17352,520,16866,562,486,189
860Z200US90670,5606,372,5448,345,158,121
860Z200US90680,10974,628,10476,585,498,163
860Z200US90701,4727,288,4513,269,214,176
860Z200US90703,16443,499,16165,495,278,116
860Z200US90704,2099,244,1374,238,725,172
860Z200US90706,24683,624,23802,595,881,212
860Z200US90710,9912,494,9468,511,444,138
860Z200US90712,10270,373,10070,367,200,140
860Z200US90713,9516,378,9304,374,212,131
860Z200US90715,6649,357,6424,356,225,140
860Z200US90716,4040,260,3883,251,157,113
860Z200US90717,8262,467,7665,390,597,209
860Z200US90720,8825,366,8478,358,347,144
860Z200US90723,14773,454,14618,457,155,77
860Z200US90731,24423,720,23185,764,1238,280
860Z200US90732,9716,478,9400,492,316,121
860Z200US90740,14243,455,12642,422,1601,326
860Z200US90742,487,96,251,90,236,82
860Z200US90743,389,93,195,82,194,88
860Z200US90744,15390,439,14845,435,545,171
860Z200US90745,17054,553,16136,520,918,281
860Z200US90746,8859,553,8606,531,253,157
860Z200US90747,0,14,0,14,0,14
860Z200US90755,4829,394,4563,422,266,143
860Z200US90802,25169,836,22421,913,2748,556
860Z200US90803,18261,785,16894,837,1367,368
860Z200US90804,16068,552,15290,539,778,221
860Z200US90805,29023,667,28213,695,810,199
860Z200US90806,13362,491,12586,539,776,255
860Z200US90807,13100,496,12636,517,464,236
860Z200US90808,14796,551,14198,566,598,226
860Z200US90810,10446,509,9956,544,490,178
860Z200US90813,18776,575,17252,602,1524,305
860Z200US90814,9725,548,9167,541,558,283
860Z200US90815,15875,559,15432,555,443,203
860Z200US90822,0,14,0,14,0,14
860Z200US90831,0,14,0,14,0,14
860Z200US90840,0,14,0,14,0,14
860Z200US91001,13216,538,12587,564,629,245
860Z200US91006,11185,420,10244,402,941,225
860Z200US91007,12910,599,11988,560,922,265
860Z200US91008,360,58,309,53,51,24
860Z200US91010,9137,420,8789,396,348,139
860Z200US91011,7053,306,6367,248,686,195
860Z200US91016,16042,508,15285,480,757,251
860Z200US91020,3517,389,3149,296,368,217
860Z200US91024,4977,301,4620,293,357,154
860Z200US91030,10817,356,10220,381,597,222
860Z200US91040,8308,462,7572,423,736,272
860Z200US91042,10865,477,10214,532,651,192
860Z200US91046,91,51,91,51,0,14
860Z200US91101,12408,557,11507,554,901,267
860Z200US91103,9778,508,8694,490,1084,266
860Z200US91104,14498,581,13488,642,1010,274
860Z200US91105,6722,349,5743,321,979,292
860Z200US91106,11938,625,10730,600,1208,299
860Z200US91107,14097,584,13030,630,1067,256
860Z200US91108,4567,437,4038,393,529,175
860Z200US91125,97,123,97,123,0,14
860Z200US91201,8517,443,7991,406,526,180
860Z200US91202,9088,540,8616,541,472,155
860Z200US91203,7530,372,7076,347,454,198
860Z200US91204,6983,462,6693,428,290,131
860Z200US91205,14238,475,13333,487,905,249
860Z200US91206,13732,640,12465,670,1267,330
860Z200US91207,4154,399,3840,380,314,227
860Z200US91208,6347,537,6035,531,312,188
860Z200US91210,253,89,160,69,93,84
860Z200US91214,11102,654,10692,657,410,202
860Z200US91301,9484,509,8839,442,645,223
860Z200US91302,10165,451,9494,424,671,253
860Z200US91303,11405,458,10702,538,703,250
860Z200US91304,18807,625,18194,588,613,198
860Z200US91306,15303,515,14709,536,594,168
860Z200US91307,9168,463,8938,467,230,114
860Z200US91311,15097,566,14561,581,536,201
860Z200US91316,13724,636,12883,614,841,299
860Z200US91320,15636,578,15265,585,371,145
860Z200US91321,11338,572,10863,535,475,237
860Z200US91324,11618,610,10730,616,888,331
860Z200US91325,13736,591,12894,567,842,277
860Z200US91326,14041,444,13394,426,647,252
860Z200US91330,17,23,4,7,13,22
860Z200US91331,24025,621,23227,620,798,199
860Z200US91335,25710,824,24195,850,1515,324
860Z200US91340,9015,421,8477,409,538,176
860Z200US91342,26533,707,25537,710,996,251
860Z200US91343,18887,501,18209,529,678,169
860Z200US91344,18389,685,17729,688,660,232
860Z200US91345,5726,327,5536,339,190,105
860Z200US91350,13985,584,13778,552,207,131
860Z200US91351,10796,519,10502,518,294,170
860Z200US91352,13310,456,12638,455,672,177
860Z200US91354,11386,533,11149,495,237,194
860Z200US91355,12235,527,11781,502,454,209
860Z200US91356,12719,552,12080,535,639,179
860Z200US91360,15613,619,15201,642,412,143
860Z200US91361,8295,456,7667,493,628,222
860Z200US91362,14383,630,13928,696,455,204
860Z200US91364,10870,456,10166,493,704,225
860Z200US91367,20946,794,19532,701,1414,389
860Z200US91371,0,14,0,14,0,14
860Z200US91377,5354,319,5099,307,255,195
860Z200US91381,7616,514,7553,514,63,81
860Z200US91384,7270,289,7124,290,146,86
860Z200US91387,14901,595,14343,605,558,200
860Z200US91390,6692,435,6414,426,278,148
860Z200US91401,15792,588,15131,624,661,214
860Z200US91402,20588,642,20100,647,488,146
860Z200US91403,13045,562,12111,615,934,285
860Z200US91405,20278,789,19177,763,1101,283
860Z200US91406,19643,674,19029,694,614,196
860Z200US91411,10057,509,9449,546,608,193
860Z200US91423,16782,646,15748,610,1034,277
860Z200US91436,6269,483,6001,493,268,163
860Z200US91501,8530,523,7959,536,571,230
860Z200US91502,5845,374,5448,381,397,165
860Z200US91504,10480,586,9883,608,597,254
860Z200US91505,14316,606,13013,641,1303,359
860Z200US91506,8414,547,7871,509,543,246
860Z200US91601,20976,874,19122,844,1854,332
860Z200US91602,10816,608,10177,603,639,234
860Z200US91604,16129,758,15365,758,764,261
860Z200US91605,17284,617,15953,651,1331,282
860Z200US91606,16711,685,15854,677,857,229
860Z200US91607,14831,591,13989,643,842,303
860Z200US91608,30,28,30,28,0,14
860Z200US91701,13370,613,13054,595,316,142
860Z200US91702,18374,548,17648,590,726,205
860Z200US91706,18985,469,18593,449,392,122
860Z200US91708,5919,502,5701,501,218,158
860Z200US91709,25917,590,25372,588,545,262
860Z200US91710,23739,765,22916,752,823,214
860Z200US91711,12885,424,12305,407,580,201
860Z200US91722,10366,484,9975,523,391,149
860Z200US91723,6307,362,6088,367,219,148
860Z200US91724,9472,628,9125,598,347,202
860Z200US91730,26697,815,25836,793,861,355
860Z200US91731,8648,368,8293,403,355,143
860Z200US91732,15842,631,15360,658,482,168
860Z200US91733,11279,426,10922,418,357,122
860Z200US91737,8340,456,7995,444,345,175
860Z200US91739,12512,504,11990,454,522,229
860Z200US91740,8412,383,8162,390,250,114
860Z200US91741,9267,473,8938,454,329,120
860Z200US91744,19169,407,18393,393,776,192
860Z200US91745,17288,612,16532,593,756,184
860Z200US91746,7384,439,7106,428,278,141
860Z200US91748,14504,595,13965,601,539,177
860Z200US91750,12811,456,12254,445,557,209
860Z200US91752,11034,521,10593,522,441,196
860Z200US91754,12650,449,11874,477,776,200
860Z200US91755,9466,383,8754,436,712,217
860Z200US91759,335,81,175,69,160,54
860Z200US91761,18922,721,18440,751,482,220
860Z200US91762,20320,716,19480,732,840,265
860Z200US91763,10934,525,10612,487,322,152
860Z200US91764,17498,629,16624,651,874,282
860Z200US91765,16078,515,15233,527,845,240
860Z200US91766,20445,758,19723,789,722,215
860Z200US91767,15794,573,15036,611,758,221
860Z200US91768,9062,533,8831,533,231,125
860Z200US91770,17902,574,16872,535,1030,234
860Z200US91773,12303,492,12004,495,299,184
860Z200US91775,9040,475,8479,509,561,181
860Z200US91776,12860,494,11693,479,1167,231
860Z200US91780,12049,400,11437,383,612,200
860Z200US91784,9303,376,8993,378,310,171
860Z200US91786,20193,549,19615,589,578,217
860Z200US91789,13503,479,12681,493,822,241
860Z200US91790,13600,557,12971,565,629,191
860Z200US91791,11320,541,10821,576,499,189
860Z200US91792,9809,372,9542,361,267,126
860Z200US91801,22069,584,20415,606,1654,329
860Z200US91803,10700,443,10028,444,672,163
860Z200US91901,6591,424,6344,426,247,163
860Z200US91902,6271,507,6127,498,144,97
860Z200US91905,599,132,561,154,38,57
860Z200US91906,1290,190,1176,190,114,87
860Z200US91910,27850,765,26230,793,1620,300
860Z200US91911,27366,902,25440,900,1926,404
860Z200US91913,18058,790,17428,808,630,324
860Z200US91914,4929,404,4820,400,109,83
860Z200US91915,10954,520,10677,543,277,176
860Z200US91916,672,146,605,133,67,68
860Z200US91917,322,119,206,73,116,89
860Z200US91931,270,193,242,173,28,44
860Z200US91932,10291,351,9332,349,959,224
860Z200US91934,374,165,374,165,0,14
860Z200US91935,3097,365,2950,361,147,87
860Z200US91941,13184,741,12647,732,537,239
860Z200US91942,18607,730,17684,744,923,273
860Z200US91945,9416,428,9076,416,340,157
860Z200US91948,95,59,55,47,40,39
860Z200US91950,19616,577,18358,631,1258,272
860Z200US91962,1197,423,1081,426,116,63
860Z200US91963,197,87,197,87,0,14
860Z200US91977,19669,694,19118,699,551,217
860Z200US91978,3311,276,3236,279,75,84
860Z200US91980,25,36,25,36,0,14
860Z200US92003,1852,203,1751,205,101,80
860Z200US92004,2838,348,1654,300,1184,293
860Z200US92007,4781,338,4273,301,508,213
860Z200US92008,13056,549,11835,588,1221,278
860Z200US92009,17014,664,16183,641,831,326
860Z200US92010,7219,481,6926,489,293,193
860Z200US92011,10025,512,9094,495,931,315
860Z200US92014,6670,379,5628,409,1042,268
860Z200US92019,15689,661,14995,637,694,261
860Z200US92020,20414,708,19586,738,828,282
860Z200US92021,23734,770,22953,808,781,261
860Z200US92024,21511,820,19716,741,1795,382
860Z200US92025,17205,711,16413,768,792,236
860Z200US92026,19695,852,18883,806,812,276
860Z200US92027,17623,758,16965,749,658,199
860Z200US92028,18257,578,17149,562,1108,323
860Z200US92029,8066,412,7854,434,212,113
860Z200US92036,2315,355,1412,300,903,275
860Z200US92037,19688,544,16909,554,2779,353
860Z200US92040,16106,823,15426,733,680,303
860Z200US92054,18472,715,15513,669,2959,363
860Z200US92055,0,21,0,21,0,21
860Z200US92056,20678,751,19761,766,917,269
860Z200US92057,19502,653,18751,601,751,278
860Z200US92058,15565,905,14635,950,930,338
860Z200US92059,428,83,376,81,52,21
860Z200US92060,233,108,182,105,51,60
860Z200US92061,918,173,681,132,237,136
860Z200US92064,16939,438,16426,427,513,230
860Z200US92065,12650,667,12296,669,354,169
860Z200US92066,186,64,152,52,34,39
860Z200US92067,3831,424,2835,377,996,257
860Z200US92069,15711,683,15162,649,549,206
860Z200US92070,295,92,233,78,62,45
860Z200US92071,21946,477,21291,464,655,219
860Z200US92075,6209,387,5326,359,883,248
860Z200US92078,19339,669,18522,642,817,276
860Z200US92081,11267,515,10939,535,328,195
860Z200US92082,7289,674,6771,617,518,281
860Z200US92083,12128,598,11715,599,413,193
860Z200US92084,16015,493,15342,518,673,236
860Z200US92086,758,99,635,96,123,62
860Z200US92091,748,188,592,126,156,140
860Z200US92092,0,14,0,14,0,14
860Z200US92093,0,19,0,19,0,19
860Z200US92096,0,14,0,14,0,14
860Z200US92101,34605,959,30214,902,4391,610
860Z200US92102,15669,690,14620,724,1049,289
860Z200US92103,21746,721,19935,743,1811,412
860Z200US92104,25064,848,23661,903,1403,314
860Z200US92105,23944,1091,22910,1117,1034,333
860Z200US92106,8062,407,7647,415,415,195
860Z200US92107,14853,596,13879,675,974,256
860Z200US92108,14927,616,14010,661,917,298
860Z200US92109,26774,829,22646,823,4128,461
860Z200US92110,13515,609,12339,651,1176,268
860Z200US92111,17876,742,17229,788,647,269
860Z200US92113,14365,610,13545,609,820,175
860Z200US92114,18819,566,18407,566,412,134
860Z200US92115,24035,842,22528,849,1507,388
860Z200US92116,18081,773,17022,756,1059,282
860Z200US92117,21789,845,20876,870,913,306
860Z200US92118,9896,376,7303,348,2593,272
860Z200US92119,9814,404,9485,437,329,171
860Z200US92120,13189,535,12404,562,785,255
860Z200US92121,1702,151,1575,155,127,76
860Z200US92122,21546,698,19927,666,1619,417
860Z200US92123,13363,757,12487,772,876,300
860Z200US92124,12309,479,11332,495,977,280
860Z200US92126,26710,711,25551,716,1159,282
860Z200US92127,16996,819,16438,823,558,226
860Z200US92128,21284,723,20281,754,1003,295
860Z200US92129,19346,741,18616,761,730,267
860Z200US92130,23735,791,22156,905,1579,459
860Z200US92131,13512,493,12982,505,530,187
860Z200US92132,0,14,0,14,0,14
860Z200US92134,14,19,14,19,0,14
860Z200US92135,0,14,0,14,0,14
860Z200US92136,27,33,15,26,12,19
860Z200US92139,10642,436,10001,429,641,225
860Z200US92140,0,14,0,14,0,14
860Z200US92145,0,14,0,14,0,14
860Z200US92147,0,14,0,14,0,14
860Z200US92154,24304,661,23019,740,1285,351
860Z200US92155,0,14,0,14,0,14
860Z200US92161,0,14,0,14,0,14
860Z200US92173,8396,520,7952,546,444,147
860Z200US92179,0,14,0,14,0,14
860Z200US92182,0,14,0,14,0,14
860Z200US92201,26506,903,22600,965,3906,384
860Z200US92203,14947,659,12178,604,2769,451
860Z200US92210,5083,314,2468,149,2615,296
860Z200US92211,20270,777,13872,737,6398,667
860Z200US92220,13192,420,12266,455,926,296
860Z200US92222,19,29,0,14,19,29
860Z200US92223,21033,657,20451,654,582,202
860Z200US92225,7454,433,5139,361,2315,267
860Z200US92227,9028,386,8209,400,819,207
860Z200US92230,890,154,696,155,194,103
860Z200US92231,12059,529,10081,515,1978,253
860Z200US92233,1587,195,1282,174,305,122
860Z200US92234,22599,561,18979,560,3620,330
860Z200US92236,12785,696,12575,696,210,81
860Z200US92239,257,68,57,29,200,60
860Z200US92240,15798,634,14115,605,1683,392
860Z200US92241,6148,351,3959,328,2189,344
860Z200US92242,1405,75,734,86,671,75
860Z200US92243,16255,457,14260,534,1995,344
860Z200US92249,2007,279,1815,316,192,139
860Z200US92250,2458,220,2160,181,298,121
860Z200US92251,7575,594,6760,491,815,353
860Z200US92252,5189,373,3240,410,1949,305
860Z200US92253,24747,571,15933,676,8814,478
860Z200US92254,3632,504,3328,507,304,148
860Z200US92256,1924,176,1785,160,139,109
860Z200US92257,1221,259,780,256,441,127
860Z200US92258,269,84,157,83,112,89
860Z200US92259,274,105,138,86,136,61
860Z200US92260,21919,618,14709,544,7210,504
860Z200US92262,19936,421,13590,498,6346,436
860Z200US92264,17482,404,11448,446,6034,324
860Z200US92266,187,99,77,66,110,83
860Z200US92267,38,38,0,14,38,38
860Z200US92268,411,106,221,85,190,95
860Z200US92270,15026,464,9003,399,6023,387
860Z200US92273,515,147,350,143,165,98
860Z200US92274,6673,556,5734,567,939,240
860Z200US92275,619,182,478,155,141,98
860Z200US92276,3756,427,2752,428,1004,287
860Z200US92277,13213,488,10501,454,2712,340
860Z200US92278,0,14,0,14,0,14
860Z200US92280,0,14,0,14,0,14
860Z200US92281,656,96,561,94,95,39
860Z200US92282,555,77,494,76,61,57
860Z200US92283,1086,136,627,118,459,95
860Z200US92284,12434,468,10710,423,1724,339
860Z200US92285,2490,271,1120,236,1370,218
860Z200US92301,10155,431,9442,435,713,207
860Z200US92304,0,14,0,14,0,14
860Z200US92305,569,108,175,70,394,106
860Z200US92307,13929,545,13581,533,348,143
860Z200US92308,15090,581,14316,593,774,235
860Z200US92309,197,88,136,83,61,29
860Z200US92310,3007,353,2798,379,209,118
860Z200US92311,13586,611,12225,652,1361,320
860Z200US92313,5069,301,4736,317,333,144
860Z200US92314,9437,425,4242,429,5195,426
860Z200US92315,9956,294,2396,225,7560,193
860Z200US92316,8605,631,8272,622,333,150
860Z200US92317,1075,192,401,159,674,165
860Z200US92320,4204,308,3965,257,239,183
860Z200US92321,1124,165,321,87,803,151
860Z200US92322,810,188,353,154,457,172
860Z200US92324,18968,662,17970,667,998,268
860Z200US92325,6668,390,3743,414,2925,342
860Z200US92327,355,163,309,155,46,52
860Z200US92328,470,156,361,160,109,48
860Z200US92332,73,54,25,25,48,46
860Z200US92333,1077,198,177,76,900,183
860Z200US92335,26341,730,25666,721,675,183
860Z200US92336,29536,932,29212,932,324,154
860Z200US92337,9656,424,9422,415,234,118
860Z200US92338,0,14,0,14,0,14
860Z200US92339,748,148,514,143,234,93
860Z200US92341,997,155,156,74,841,147
860Z200US92342,3132,308,2553,271,579,257
860Z200US92344,6431,487,6124,475,307,189
860Z200US92345,27305,818,26141,851,1164,352
860Z200US92346,17789,678,17169,715,620,247
860Z200US92347,303,109,246,93,57,65
860Z200US92350,0,14,0,14,0,14
860Z200US92352,7529,349,2546,341,4983,403
860Z200US92354,8740,567,7945,514,795,271
860Z200US92356,2911,263,2264,250,647,224
860Z200US92358,349,82,295,77,54,38
860Z200US92359,3526,369,3415,353,111,119
860Z200US92363,4033,224,2486,202,1547,187
860Z200US92364,13,14,7,12,6,7
860Z200US92365,1242,197,934,196,308,120
860Z200US92368,339,62,273,59,66,30
860Z200US92369,0,14,0,14,0,14
860Z200US92371,6459,515,6025,537,434,173
860Z200US92372,1991,255,1752,260,239,132
860Z200US92373,14468,778,13700,772,768,277
860Z200US92374,14883,698,14359,707,524,211
860Z200US92376,22738,742,21905,756,833,230
860Z200US92377,5629,378,5519,356,110,128
860Z200US92378,296,78,180,72,116,54
860Z200US92382,3964,220,2133,264,1831,241
860Z200US92384,19,20,10,16,9,12
860Z200US92385,219,72,119,49,100,54
860Z200US92386,3133,256,981,213,2152,228
860Z200US92389,173,62,112,50,61,41
860Z200US92391,1622,309,948,294,674,168
860Z200US92392,18663,822,17616,698,1047,397
860Z200US92394,10548,689,10132,681,416,209
860Z200US92395,16682,755,15566,788,1116,320
860Z200US92397,3144,311,2535,318,609,137
860Z200US92398,796,326,769,328,27,24
860Z200US92399,19743,720,18842,695,901,303
860Z200US92401,663,185,646,182,17,23
860Z200US92404,19743,763,19020,857,723,242
860Z200US92405,9963,601,9627,611,336,159
860Z200US92407,19311,684,18645,654,666,259
860Z200US92408,4382,453,4208,472,174,98
860Z200US92410,14347,654,13476,592,871,232
860Z200US92411,7250,373,6828,415,422,156
860Z200US92415,0,14,0,14,0,14
860Z200US92501,7831,528,7405,500,426,175
860Z200US92503,26080,738,25057,708,1023,312
860Z200US92504,17349,879,16463,871,886,263
860Z200US92505,15564,490,14778,507,786,209
860Z200US92506,16017,750,15430,760,587,283
860Z200US92507,20771,732,19153,757,1618,329
860Z200US92508,10634,521,10467,510,167,123
860Z200US92509,21527,638,20773,603,754,234
860Z200US92518,838,179,583,166,255,97
860Z200US92521,0,14,0,14,0,14
860Z200US92530,18591,723,17681,736,910,239
860Z200US92532,8362,572,7911,580,451,265
860Z200US92536,1359,294,1090,239,269,179
860Z200US92539,1847,310,1211,243,636,235
860Z200US92543,15549,813,14235,816,1314,355
860Z200US92544,17290,700,15808,760,1482,423
860Z200US92545,17589,712,16564,738,1025,308
860Z200US92548,2731,507,2385,470,346,191
860Z200US92549,4036,249,1710,229,2326,262
860Z200US92551,8627,399,8444,396,183,123
860Z200US92553,20623,661,20042,689,581,163
860Z200US92555,12395,543,11956,566,439,182
860Z200US92557,15898,544,15272,551,626,228
860Z200US92561,1052,198,825,157,227,154
860Z200US92562,22641,689,21613,694,1028,316
860Z200US92563,24395,791,23828,791,567,252
860Z200US92567,2776,299,2703,293,73,68
860Z200US92570,15523,753,14419,741,1104,290
860Z200US92571,14486,615,13973,611,513,208
860Z200US92582,5851,402,5542,394,309,179
860Z200US92583,10079,617,9450,588,629,264
860Z200US92584,19818,863,18937,791,881,381
860Z200US92585,8635,573,8326,552,309,170
860Z200US92586,10419,566,9536,569,883,270
860Z200US92587,6638,468,6195,449,443,191
860Z200US92590,2108,245,2034,252,74,68
860Z200US92591,15172,630,14469,634,703,231
860Z200US92592,26036,691,25004,677,1032,363
860Z200US92595,10372,389,9888,372,484,193
860Z200US92596,10791,599,10256,572,535,251
860Z200US92602,10342,616,9713,659,629,261
860Z200US92603,7793,501,7176,498,617,259
860Z200US92604,10233,682,9717,703,516,185
860Z200US92606,9329,756,8852,760,477,329
860Z200US92610,4932,568,4734,576,198,248
860Z200US92612,16208,607,14456,634,1752,549
860Z200US92614,12214,798,11624,797,590,266
860Z200US92617,4367,425,3888,399,479,288
860Z200US92618,27435,1018,25417,985,2018,509
860Z200US92620,22285,1082,21248,972,1037,421
860Z200US92624,3291,316,2829,262,462,223
860Z200US92625,6856,400,5644,425,1212,354
860Z200US92626,21134,710,20024,845,1110,325
860Z200US92627,23536,675,22511,693,1025,270
860Z200US92629,13193,462,11031,450,2162,389
860Z200US92630,24296,711,23277,680,1019,356
860Z200US92637,13336,515,11706,350,1630,416
860Z200US92646,22393,795,21422,848,971,256
860Z200US92647,22574,688,21550,787,1024,349
860Z200US92648,21876,759,20469,792,1407,367
860Z200US92649,15294,578,14615,625,679,242
860Z200US92651,14014,493,11178,372,2836,398
860Z200US92653,11290,503,10547,475,743,196
860Z200US92655,2900,328,2632,325,268,166
860Z200US92656,21289,643,20378,604,911,289
860Z200US92657,4238,327,3632,263,606,258
860Z200US92660,17061,787,15533,743,1528,429
860Z200US92661,2709,422,1706,390,1003,209
860Z200US92662,1920,219,1217,213,703,181
860Z200US92663,12401,621,10233,699,2168,381
860Z200US92672,17531,625,15239,665,2292,407
860Z200US92673,10124,443,9634,435,490,262
860Z200US92675,13071,486,12252,485,819,313
860Z200US92676,799,72,757,71,42,38
860Z200US92677,27643,718,25670,643,1973,349
860Z200US92678,259,63,248,59,11,18
860Z200US92679,10998,494,10601,495,397,187
860Z200US92683,29231,664,28133,670,1098,299
860Z200US92688,16287,584,15858,576,429,199
860Z200US92691,16476,695,15931,738,545,233
860Z200US92692,18125,696,17331,655,794,290
860Z200US92694,12687,507,11915,497,772,314
860Z200US92697,0,14,0,14,0,14
860Z200US92701,13877,608,13174,577,703,190
860Z200US92703,14954,602,14638,605,316,164
860Z200US92704,21415,628,20871,601,544,185
860Z200US92705,16738,813,16187,825,551,214
860Z200US92706,10386,502,10106,505,280,109
860Z200US92707,15052,701,14575,737,477,209
860Z200US92708,19227,635,18778,619,449,182
860Z200US92780,18604,692,17935,673,669,235
860Z200US92782,11879,656,11567,633,312,200
860Z200US92801,19536,828,18753,834,783,237
860Z200US92802,12663,664,12169,685,494,183
860Z200US92804,25556,970,24621,954,935,263
860Z200US92805,23080,788,21897,806,1183,373
860Z200US92806,13420,564,12819,576,601,208
860Z200US92807,13189,494,12806,542,383,207
860Z200US92808,7876,547,7661,595,215,176
860Z200US92821,15134,668,14705,627,429,222
860Z200US92823,2239,326,2082,345,157,122
860Z200US92831,13856,488,13071,436,785,275
860Z200US92832,9538,463,8973,435,565,228
860Z200US92833,17247,580,16721,594,526,238
860Z200US92835,9579,490,9228,476,351,190
860Z200US92840,16762,663,15789,648,973,240
860Z200US92841,9929,525,9809,516,120,62
860Z200US92843,12159,560,11747,536,412,126
860Z200US92844,7139,375,6862,393,277,148
860Z200US92845,5858,299,5802,300,56,43
860Z200US92860,6867,269,6641,269,226,107
860Z200US92861,1971,165,1924,160,47,37
860Z200US92865,7017,467,6837,471,180,116
860Z200US92866,6010,376,5621,399,389,219
860Z200US92867,13877,443,13511,458,366,169
860Z200US92868,9477,559,8938,543,539,228
860Z200US92869,11995,486,11754,478,241,121
860Z200US92870,17890,521,17182,492,708,264
860Z200US92879,15223,581,14826,583,397,153
860Z200US92880,21061,772,20545,769,516,271
860Z200US92881,9346,518,9004,523,342,174
860Z200US92882,21135,572,20506,548,629,186
860Z200US92883,13077,783,12828,800,249,151
860Z200US92886,17550,492,16781,463,769,281
860Z200US92887,7132,368,6930,372,202,136
860Z200US93001,14749,552,12967,611,1782,357
860Z200US93003,20487,543,19786,572,701,185
860Z200US93004,11407,562,11140,556,267,155
860Z200US93010,17461,595,16445,590,1016,302
860Z200US93012,14461,562,13620,537,841,269
860Z200US93013,7694,613,6447,459,1247,352
860Z200US93015,6001,374,5841,351,160,110
860Z200US93021,12212,374,11788,383,424,225
860Z200US93022,2312,209,2185,197,127,88
860Z200US93023,9455,464,8796,488,659,248
860Z200US93030,15895,602,15204,622,691,210
860Z200US93033,17660,512,17047,512,613,216
860Z200US93035,12284,605,9653,628,2631,444
860Z200US93036,15243,565,14569,553,674,201
860Z200US93040,556,110,493,110,63,57
860Z200US93041,9361,529,8160,510,1201,294
860Z200US93042,0,14,0,14,0,14
860Z200US93043,0,14,0,14,0,14
860Z200US93060,11111,489,10529,491,582,180
860Z200US93063,20185,721,19850,728,335,138
860Z200US93064,0,14,0,14,0,14
860Z200US93065,26225,755,25694,766,531,195
860Z200US93066,1133,157,1092,152,41,35
860Z200US93067,637,202,506,143,131,142
860Z200US93101,13698,588,12723,592,975,238
860Z200US93103,8056,513,7567,516,489,143
860Z200US93105,11515,578,10490,530,1025,299
860Z200US93106,70,34,66,35,4,6
860Z200US93108,5497,333,4618,342,879,195
860Z200US93109,4929,314,4576,322,353,136
860Z200US93110,6781,489,6314,541,467,196
860Z200US93111,6859,416,6493,407,366,208
860Z200US93117,18556,641,17272,583,1284,323
860Z200US93201,355,91,295,89,60,26
860Z200US93202,1143,176,970,163,173,99
860Z200US93203,5314,258,5052,213,262,119
860Z200US93204,2927,279,2813,275,114,76
860Z200US93205,1052,186,805,200,247,110
860Z200US93206,612,99,542,97,70,39
860Z200US93207,378,83,93,40,285,70
860Z200US93208,518,197,124,100,394,188
860Z200US93210,4764,337,4528,323,236,125
860Z200US93212,4761,295,4450,280,311,127
860Z200US93215,13444,571,12858,589,586,195
860Z200US93218,180,59,146,51,34,26
860Z200US93219,2467,220,2270,225,197,85
860Z200US93220,0,14,0,14,0,14
860Z200US93221,5153,351,4779,340,374,160
860Z200US93222,2242,261,1336,240,906,241
860Z200US93223,2690,214,2589,186,101,76
860Z200US93224,177,53,134,47,43,22
860Z200US93225,2354,249,1960,265,394,166
860Z200US93226,103,37,34,21,69,31
860Z200US93227,72,85,72,85,0,14
860Z200US93230,23846,525,22591,562,1255,273
860Z200US93234,1973,221,1912,226,61,53
860Z200US93235,1351,281,1309,272,42,69
860Z200US93237,105,78,69,67,36,43
860Z200US93238,976,291,581,178,395,213
860Z200US93239,577,234,577,234,0,14
860Z200US93240,3388,395,2581,396,807,301
860Z200US93241,4646,366,4332,364,314,141
860Z200US93242,1072,208,964,211,108,69
860Z200US93243,748,240,419,187,329,185
860Z200US93244,109,47,61,41,48,36
860Z200US93245,12922,585,11982,575,940,223
860Z200US93246,0,14,0,14,0,14
860Z200US93247,5599,469,5256,448,343,163
860Z200US93249,617,73,554,88,63,77
860Z200US93250,4090,346,3903,329,187,98
860Z200US93251,91,26,75,23,16,12
860Z200US93252,656,99,540,97,116,46
860Z200US93254,416,63,275,61,141,53
860Z200US93255,291,145,214,113,77,108
860Z200US93256,1471,196,1316,196,155,84
860Z200US93257,25373,762,23999,796,1374,273
860Z200US93258,412,86,372,87,40,28
860Z200US93260,507,97,66,40,441,85
860Z200US93261,554,65,513,64,41,26
860Z200US93262,119,71,0,14,119,71
860Z200US93263,6722,349,6402,333,320,145
860Z200US93265,1880,254,1229,186,651,255
860Z200US93266,439,123,358,120,81,59
860Z200US93267,1665,244,1464,248,201,92
860Z200US93268,6352,408,5766,474,586,240
860Z200US93270,1717,209,1577,215,140,93
860Z200US93271,1459,259,1098,263,361,127
860Z200US93272,1135,177,999,181,136,82
860Z200US93274,24965,642,23483,653,1482,302
860Z200US93276,68,26,59,25,9,10
860Z200US93277,19479,717,18504,683,975,312
860Z200US93280,7074,423,6619,430,455,156
860Z200US93283,1351,276,1091,282,260,135
860Z200US93285,2225,212,1561,237,664,192
860Z200US93286,3141,242,3031,247,110,63
860Z200US93287,103,44,60,31,43,37
860Z200US93291,20172,806,19241,822,931,365
860Z200US93292,15366,730,14612,769,754,278
860Z200US93301,6174,422,5690,465,484,231
860Z200US93304,16234,742,15503,788,731,215
860Z200US93305,11750,503,11227,550,523,189
860Z200US93306,24143,686,22736,699,1407,291
860Z200US93307,24398,762,23173,796,1225,290
860Z200US93308,21354,828,20027,843,1327,318
860Z200US93309,23656,853,22453,879,1203,289
860Z200US93311,18357,885,17589,921,768,305
860Z200US93312,19166,752,18330,711,836,218
860Z200US93313,17673,994,16917,992,756,245
860Z200US93314,11508,584,10979,601,529,278
860Z200US93401,14459,548,13522,569,937,306
860Z200US93402,6380,425,6007,454,373,142
860Z200US93405,9858,475,8883,522,975,324
860Z200US93407,0,14,0,14,0,14
860Z200US93408,0,14,0,14,0,14
860Z200US93409,0,14,0,14,0,14
860Z200US93410,14,21,14,21,0,19
860Z200US93420,13618,725,12672,662,946,330
860Z200US93422,13512,475,12895,479,617,201
860Z200US93424,951,237,456,239,495,153
860Z200US93426,1471,231,598,112,873,238
860Z200US93427,2626,280,2178,222,448,200
860Z200US93428,4185,270,2974,243,1211,199
860Z200US93429,58,41,58,41,0,14
860Z200US93430,2719,299,1571,231,1148,236
860Z200US93432,424,157,377,145,47,71
860Z200US93433,5872,314,4945,299,927,255
860Z200US93434,2225,200,2111,171,114,85
860Z200US93436,19258,508,18468,519,790,202
860Z200US93437,1154,166,1138,171,16,27
860Z200US93440,697,171,542,175,155,152
860Z200US93441,531,104,499,102,32,25
860Z200US93442,6924,419,5433,332,1491,292
860Z200US93444,8563,481,7776,470,787,336
860Z200US93445,3226,386,2874,392,352,142
860Z200US93446,19843,764,17461,695,2382,379
860Z200US93449,6147,297,4129,196,2018,292
860Z200US93450,187,76,172,75,15,15
860Z200US93451,1771,261,1663,252,108,65
860Z200US93452,241,94,128,88,113,88
860Z200US93453,1309,426,1189,415,120,79
860Z200US93454,12461,526,12050,496,411,146
860Z200US93455,16071,473,15476,512,595,228
860Z200US93458,14484,518,14085,559,399,223
860Z200US93460,2528,288,2208,253,320,175
860Z200US93461,509,137,463,137,46,31
860Z200US93463,3860,352,3535,334,325,140
860Z200US93465,4365,437,4130,410,235,140
860Z200US93501,2382,286,2186,278,196,117
860Z200US93505,5242,370,4579,315,663,269
860Z200US93510,2722,251,2580,222,142,114
860Z200US93512,155,112,152,113,3,4
860Z200US93513,812,120,687,102,125,63
860Z200US93514,7115,301,6213,311,902,195
860Z200US93516,1236,263,1000,250,236,125
860Z200US93517,486,188,163,123,323,149
860Z200US93518,678,114,496,95,182,69
860Z200US93519,27,36,6,14,21,32
860Z200US93522,47,44,34,42,13,20
860Z200US93523,1533,187,1238,190,295,122
860Z200US93524,0,14,0,14,0,14
860Z200US93526,459,90,337,72,122,53
860Z200US93527,1024,138,812,140,212,109
860Z200US93528,99,75,33,35,66,75
860Z200US93529,570,151,116,80,454,135
860Z200US93530,65,50,28,36,37,35
860Z200US93531,303,119,196,90,107,96
860Z200US93532,1191,171,1019,164,172,112
860Z200US93534,16338,573,14947,654,1391,378
860Z200US93535,24045,762,22796,790,1249,238
860Z200US93536,24473,729,23147,715,1326,367
860Z200US93541,466,177,292,140,174,110
860Z200US93543,3821,381,3572,441,249,190
860Z200US93544,569,183,436,161,133,103
860Z200US93545,886,138,706,149,180,84
860Z200US93546,10775,318,4054,344,6721,438
860Z200US93549,127,60,113,56,14,23
860Z200US93550,23993,709,22788,658,1205,279
860Z200US93551,17780,679,16782,677,998,298
860Z200US93552,11231,593,10959,615,272,142
860Z200US93553,779,201,554,185,225,133
860Z200US93554,18,21,10,16,8,13
860Z200US93555,14611,595,13537,581,1074,282
860Z200US93558,59,54,0,14,59,54
860Z200US93560,7564,377,7013,344,551,169
860Z200US93561,14063,715,12394,731,1669,414
860Z200US93562,950,117,671,109,279,78
860Z200US93563,68,68,31,39,37,57
860Z200US93581,0,14,0,14,0,14
860Z200US93591,2107,208,1878,217,229,122
860Z200US93601,819,223,702,212,117,87
860Z200US93602,1595,251,1190,195,405,140
860Z200US93603,162,123,88,59,74,110
860Z200US93604,1302,311,264,119,1038,272
860Z200US93605,169,44,30,22,139,37
860Z200US93606,272,85,253,79,19,34
860Z200US93608,224,108,224,108,0,14
860Z200US93609,1375,171,1218,170,157,95
860Z200US93610,6024,446,5660,450,364,162
860Z200US93611,16374,727,15797,686,577,241
860Z200US93612,14533,664,13905,673,628,226
860Z200US93614,4882,323,4219,330,663,207
860Z200US93615,1600,148,1525,165,75,57
860Z200US93616,692,132,687,132,5,9
860Z200US93618,8994,472,8476,465,518,181
860Z200US93619,18196,627,17327,658,869,335
860Z200US93620,3617,338,3532,340,85,63
860Z200US93621,197,122,152,119,45,72
860Z200US93622,2821,287,2670,260,151,89
860Z200US93623,98,66,0,14,98,66
860Z200US93624,255,110,192,97,63,43
860Z200US93625,2830,286,2748,280,82,66
860Z200US93626,1285,220,1212,204,73,66
860Z200US93627,123,90,111,88,12,21
860Z200US93628,436,245,204,228,232,111
860Z200US93630,6769,481,6470,466,299,142
860Z200US93631,6190,604,5842,542,348,149
860Z200US93633,274,163,31,49,243,149
860Z200US93634,488,65,7,11,481,63
860Z200US93635,15003,717,14274,774,729,275
860Z200US93636,5238,357,4794,379,444,224
860Z200US93637,13044,504,12213,491,831,291
860Z200US93638,12729,516,12030,510,699,227
860Z200US93640,3622,263,3570,261,52,52
860Z200US93641,432,157,228,100,204,135
860Z200US93643,1631,226,1287,190,344,168
860Z200US93644,3870,335,2899,305,971,282
860Z200US93645,251,174,251,174,0,14
860Z200US93646,2688,169,2600,160,88,77
860Z200US93647,2927,339,2835,347,92,79
860Z200US93648,4115,292,3841,255,274,111
860Z200US93650,1104,178,1060,185,44,49
860Z200US93651,599,171,561,161,38,61
860Z200US93652,68,37,68,37,0,14
860Z200US93653,605,132,467,114,138,80
860Z200US93654,9597,434,9168,433,429,162
860Z200US93656,1879,216,1690,229,189,105
860Z200US93657,11346,568,10492,475,854,279
860Z200US93660,1130,166,1078,163,52,42
860Z200US93662,9578,531,8880,530,698,214
860Z200US93664,2065,140,188,66,1877,132
860Z200US93665,44,69,44,69,0,14
860Z200US93666,177,43,158,42,19,17
860Z200US93667,969,138,795,123,174,100
860Z200US93668,293,118,258,132,35,38
860Z200US93669,221,127,84,78,137,104
860Z200US93670,0,14,0,14,0,14
860Z200US93673,124,39,108,36,16,15
860Z200US93675,1449,276,1170,254,279,126
860Z200US93701,3844,394,3493,421,351,117
860Z200US93702,13373,536,12725,562,648,220
860Z200US93703,11047,519,10398,577,649,192
860Z200US93704,12238,704,11694,728,544,188
860Z200US93705,13458,543,12849,518,609,166
860Z200US93706,12335,572,11806,568,529,164
860Z200US93710,12679,707,12046,726,633,218
860Z200US93711,16737,769,16246,776,491,228
860Z200US93720,19732,681,18631,726,1101,355
860Z200US93721,2557,344,2327,343,230,96
860Z200US93722,27900,853,26888,932,1012,348
860Z200US93723,4089,282,3924,291,165,98
860Z200US93725,6991,498,6647,491,344,150
860Z200US93726,15493,559,14858,565,635,274
860Z200US93727,26288,767,24939,741,1349,344
860Z200US93728,6948,421,6527,449,421,210
860Z200US93730,5394,450,5150,433,244,205
860Z200US93737,2100,299,2088,298,12,20
860Z200US93740,5,8,0,14,5,8
860Z200US93741,72,109,72,109,0,14
860Z200US93901,11264,559,10654,483,610,223
860Z200US93905,14597,433,14150,440,447,136
860Z200US93906,18341,544,17842,551,499,220
860Z200US93907,7576,420,7238,419,338,151
860Z200US93908,4532,304,4385,315,147,97
860Z200US93920,675,146,449,129,226,80
860Z200US93921,3038,459,1336,394,1702,167
860Z200US93923,7366,396,5427,342,1939,307
860Z200US93924,2978,334,2641,310,337,200
860Z200US93925,396,115,337,106,59,38
860Z200US93926,2378,223,2355,226,23,28
860Z200US93927,5098,342,4856,300,242,123
860Z200US93928,0,14,0,14,0,14
860Z200US93930,4669,467,4364,423,305,127
860Z200US93932,166,75,158,73,8,13
860Z200US93933,10202,470,9707,450,495,206
860Z200US93940,15764,484,14028,491,1736,329
860Z200US93943,5,9,5,9,0,14
860Z200US93944,5,7,5,7,0,14
860Z200US93950,8286,321,6992,220,1294,234
860Z200US93953,2988,248,1672,217,1316,214
860Z200US93954,71,36,48,32,23,17
860Z200US93955,11106,471,10579,453,527,175
860Z200US93960,5305,265,5161,261,144,73
860Z200US93962,99,71,99,71,0,14
860Z200US94002,11437,303,10567,295,870,219
860Z200US94005,2104,218,1912,249,192,138
860Z200US94010,18060,532,16317,460,1743,291
860Z200US94014,15941,483,14101,551,1840,274
860Z200US94015,22409,704,20350,746,2059,279
860Z200US94018,1576,314,1563,313,13,22
860Z200US94019,5745,467,5221,424,524,208
860Z200US94020,1008,286,829,257,179,115
860Z200US94021,140,94,128,92,12,21
860Z200US94022,8144,308,7275,297,869,230
860Z200US94024,8447,384,7938,374,509,178
860Z200US94025,16617,480,14619,478,1998,361
860Z200US94027,2676,177,2236,129,440,140
860Z200US94028,2808,283,2637,260,171,130
860Z200US94030,8705,402,8121,332,584,199
860Z200US94037,1211,242,1003,231,208,164
860Z200US94038,1039,181,915,200,124,148
860Z200US94040,17302,591,15754,541,1548,328
860Z200US94041,7686,467,6960,400,726,280
860Z200US94043,14794,585,13369,616,1425,352
860Z200US94044,14678,397,13928,384,750,259
860Z200US94060,634,211,362,131,272,174
860Z200US94061,13838,569,12805,567,1033,308
860Z200US94062,10502,504,9729,524,773,226
860Z200US94063,12259,465,11427,433,832,271
860Z200US94065,4852,264,4569,270,283,156
860Z200US94066,16433,574,15224,591,1209,289
860Z200US94070,11905,366,11279,318,626,243
860Z200US94074,35,30,35,30,0,14
860Z200US94080,23654,667,21966,670,1688,361
860Z200US94085,10146,631,9631,650,515,168
860Z200US94086,21955,654,20832,722,1123,290
860Z200US94087,21617,731,20612,744,1005,293
860Z200US94089,9521,506,9218,534,303,185
860Z200US94102,23629,978,19935,969,3694,537
860Z200US94103,21609,758,17952,856,3657,606
860Z200US94104,301,121,260,120,41,51
860Z200US94105,10003,812,8300,781,1703,524
860Z200US94107,19605,1125,16451,1002,3154,831
860Z200US94108,7950,454,6471,436,1479,288
860Z200US94109,39490,1131,31491,1190,7999,898
860Z200US94110,30758,1060,27208,991,3550,546
860Z200US94111,2968,269,2432,309,536,183
860Z200US94112,24559,645,23225,670,1334,275
860Z200US94114,18771,658,16856,661,1915,376
860Z200US94115,19239,707,16956,694,2283,436
860Z200US94116,16546,711,15476,738,1070,258
860Z200US94117,19801,726,17567,766,2234,444
860Z200US94118,19266,798,17130,795,2136,472
860Z200US94121,19777,675,18206,647,1571,345
860Z200US94122,24208,813,22354,870,1854,404
860Z200US94123,15129,551,12605,668,2524,447
860Z200US94124,11700,534,10995,532,705,202
860Z200US94127,7673,569,7390,601,283,160
860Z200US94128,0,14,0,14,0,14
860Z200US94129,1428,154,1337,153,91,84
860Z200US94130,740,92,616,101,124,91
860Z200US94131,13920,564,12522,591,1398,369
860Z200US94132,12039,728,10533,684,1506,276
860Z200US94133,15594,689,12653,691,2941,520
860Z200US94134,12850,624,12262,629,588,156
860Z200US94158,5123,395,4861,398,262,177
860Z200US94188,0,14,0,14,0,14
860Z200US94301,8429,376,7167,434,1262,313
860Z200US94303,15891,554,14466,564,1425,276
860Z200US94304,2560,247,2218,263,342,158
860Z200US94305,4002,393,3264,424,738,263
860Z200US94306,11744,570,10640,499,1104,343
860Z200US94401,13818,609,13026,609,792,249
860Z200US94402,10764,562,10125,544,639,196
860Z200US94403,17799,551,16414,531,1385,304
860Z200US94404,15350,399,14717,353,633,234
860Z200US94501,27300,826,25208,803,2092,469
860Z200US94502,4991,388,4780,381,211,152
860Z200US94503,6206,268,6063,270,143,136
860Z200US94505,6092,383,5446,382,646,176
860Z200US94506,9444,575,9185,604,259,138
860Z200US94507,5343,359,5098,378,245,109
860Z200US94508,1186,173,1034,161,152,70
860Z200US94509,24390,773,23476,799,914,221
860Z200US94510,11571,438,11051,453,520,203
860Z200US94511,1038,265,863,264,175,146
860Z200US94512,88,88,88,88,0,14
860Z200US94513,22931,650,22390,635,541,192
860Z200US94514,583,147,576,148,7,12
860Z200US94515,3124,353,2615,295,509,178
860Z200US94516,77,41,76,40,1,2
860Z200US94517,4519,265,4511,266,8,13
860Z200US94518,10317,590,10124,592,193,115
860Z200US94519,7484,510,7043,479,441,217
860Z200US94520,14085,528,13721,543,364,159
860Z200US94521,16451,649,15938,660,513,168
860Z200US94523,14133,546,13452,498,681,270
860Z200US94525,1713,172,1539,193,174,103
860Z200US94526,12185,463,11843,460,342,155
860Z200US94528,463,162,424,159,39,70
860Z200US94530,11437,346,11021,321,416,159
860Z200US94531,14239,647,13905,601,334,212
860Z200US94533,26060,610,25174,619,886,264
860Z200US94534,14481,523,14036,508,445,194
860Z200US94535,1412,196,1054,150,358,132
860Z200US94536,26533,675,25205,716,1328,313
860Z200US94538,24854,692,23628,746,1226,291
860Z200US94539,18127,503,17375,546,752,235
860Z200US94541,22934,691,21584,754,1350,318
860Z200US94542,5201,376,4936,385,265,121
860Z200US94544,24194,669,22991,715,1203,314
860Z200US94545,10373,508,10085,525,288,135
860Z200US94546,16233,626,15565,642,668,223
860Z200US94547,9581,444,9355,442,226,131
860Z200US94548,259,114,259,114,0,14
860Z200US94549,11057,416,10682,409,375,145
860Z200US94550,18443,602,17564,612,879,244
860Z200US94551,14290,553,14052,529,238,149
860Z200US94552,5088,443,5021,444,67,42
860Z200US94553,19677,586,19141,551,536,213
860Z200US94555,12066,470,11847,474,219,123
860Z200US94556,5801,232,5614,234,187,106
860Z200US94558,27493,708,24521,749,2972,402
860Z200US94559,11661,643,10651,655,1010,275
860Z200US94560,16015,474,15252,453,763,250
860Z200US94561,14603,648,14105,651,498,273
860Z200US94562,0,14,0,14,0,14
860Z200US94563,7416,313,7218,303,198,114
860Z200US94564,7056,409,6588,322,468,292
860Z200US94565,31396,769,30537,736,859,254
860Z200US94566,16724,571,15921,535,803,274
860Z200US94567,272,68,228,66,44,28
860Z200US94568,25157,665,24165,676,992,246
860Z200US94569,210,138,210,138,0,14
860Z200US94571,5361,385,5219,367,142,114
860Z200US94572,3190,280,3015,295,175,126
860Z200US94573,108,63,72,54,36,41
860Z200US94574,4135,298,3220,195,915,184
860Z200US94575,0,14,0,14,0,14
860Z200US94576,51,45,51,45,0,14
860Z200US94577,17494,581,16555,583,939,258
860Z200US94578,14672,711,13904,738,768,289
860Z200US94579,6850,457,6628,451,222,148
860Z200US94580,9207,470,8992,484,215,128
860Z200US94582,16781,534,16466,556,315,140
860Z200US94583,14345,445,13890,472,455,213
860Z200US94585,9822,454,9643,460,179,100
860Z200US94586,359,80,319,70,40,32
860Z200US94587,21901,500,21240,521,661,172
860Z200US94588,12797,409,12465,389,332,172
860Z200US94589,9996,425,9531,433,465,196
860Z200US94590,16827,539,15762,556,1065,233
860Z200US94591,20838,599,20040,652,798,247
860Z200US94592,505,184,479,184,26,33
860Z200US94595,9828,477,9368,496,460,152
860Z200US94596,11461,500,11009,546,452,226
860Z200US94597,11249,560,10782,549,467,212
860Z200US94598,10928,454,10828,446,100,51
860Z200US94599,1850,3840,1491,3875,359,114
860Z200US94601,17631,568,16734,594,897,247
860Z200US94602,13192,459,12496,472,696,221
860Z200US94603,11133,414,10527,408,606,130
860Z200US94605,17618,683,16594,659,1024,227
860Z200US94606,17905,555,16337,660,1568,307
860Z200US94607,15116,480,13453,520,1663,322
860Z200US94608,18319,774,16568,711,1751,358
860Z200US94609,12042,640,11049,641,993,274
860Z200US94610,18221,723,16372,730,1849,336
860Z200US94611,19726,695,18387,664,1339,315
860Z200US94612,12949,663,11097,708,1852,358
860Z200US94613,0,14,0,14,0,14
860Z200US94618,8052,462,7553,460,499,200
860Z200US94619,10286,598,9809,543,477,240
860Z200US94621,11063,584,10359,601,704,212
860Z200US94702,8388,486,7662,481,726,195
860Z200US94703,9750,418,8662,471,1088,285
860Z200US94704,9971,652,8227,662,1744,392
860Z200US94705,6474,339,5886,326,588,198
860Z200US94706,8447,277,7945,259,502,161
860Z200US94707,5410,287,5267,281,143,84
860Z200US94708,5105,247,4800,268,305,125
860Z200US94709,6326,492,5429,534,897,330
860Z200US94710,4188,301,3780,304,408,160
860Z200US94720,412,147,222,104,190,139
860Z200US94801,11075,446,10593,469,482,183
860Z200US94803,10127,524,9562,538,565,246
860Z200US94804,16962,649,16250,659,712,275
860Z200US94805,5908,460,5493,435,415,165
860Z200US94806,21101,724,20538,729,563,195
860Z200US94901,16233,544,15631,544,602,228
860Z200US94903,12665,539,12013,621,652,254
860Z200US94904,5975,273,5558,293,417,145
860Z200US94920,5816,284,4934,315,882,262
860Z200US94922,34,48,3,5,31,47
860Z200US94923,1473,239,693,184,780,215
860Z200US94924,1068,153,653,131,415,122
860Z200US94925,4171,274,4036,262,135,117
860Z200US94928,17826,596,17200,582,626,261
860Z200US94929,468,142,137,80,331,134
860Z200US94930,3729,215,3565,215,164,105
860Z200US94931,4134,423,4072,388,62,90
860Z200US94933,601,201,563,202,38,45
860Z200US94937,836,146,600,135,236,88
860Z200US94938,300,98,223,78,77,71
860Z200US94939,3676,299,3323,301,353,208
860Z200US94940,162,92,97,92,65,58
860Z200US94941,14315,465,12916,456,1399,346
860Z200US94945,7343,476,7081,482,262,104
860Z200US94946,311,83,265,72,46,33
860Z200US94947,9369,519,8854,530,515,242
860Z200US94949,7359,403,6955,421,404,204
860Z200US94950,11,13,11,13,0,14
860Z200US94951,1548,207,1419,191,129,109
860Z200US94952,14908,502,13985,531,923,303
860Z200US94954,15249,425,14876,460,373,179
860Z200US94956,918,197,633,157,285,114
860Z200US94957,791,98,717,95,74,44
860Z200US94960,6882,383,6546,358,336,180
860Z200US94963,239,101,239,101,0,14
860Z200US94964,244,201,204,191,40,65
860Z200US94965,6709,383,6043,394,666,166
860Z200US94970,693,130,144,61,549,116
860Z200US94971,166,99,77,48,89,85
860Z200US94972,0,14,0,14,0,14
860Z200US94973,674,176,646,168,28,41
860Z200US95002,559,59,521,63,38,32
860Z200US95003,11843,502,9905,516,1938,352
860Z200US95004,1677,339,1597,346,80,87
860Z200US95005,3046,366,2878,365,168,113
860Z200US95006,3607,349,3222,345,385,186
860Z200US95007,279,174,186,149,93,105
860Z200US95008,20353,689,19052,708,1301,262
860Z200US95010,4838,275,4242,278,596,124
860Z200US95012,2735,241,2627,229,108,77
860Z200US95013,21,21,21,21,0,14
860Z200US95014,23104,491,21868,439,1236,308
860Z200US95017,227,76,205,72,22,17
860Z200US95018,3037,270,2799,265,238,123
860Z200US95019,1855,288,1805,289,50,47
860Z200US95020,20822,549,19984,528,838,255
860Z200US95023,18404,277,17897,304,507,165
860Z200US95030,5837,402,5122,338,715,243
860Z200US95032,10966,423,10450,420,516,216
860Z200US95033,4164,380,3766,377,398,145
860Z200US95035,26098,545,25124,528,974,309
860Z200US95037,17571,451,16742,421,829,231
860Z200US95039,395,144,277,119,118,70
860Z200US95041,384,128,309,113,75,72
860Z200US95043,315,64,232,60,83,38
860Z200US95045,1598,259,1493,250,105,71
860Z200US95046,1855,205,1797,213,58,64
860Z200US95050,16804,728,15831,713,973,269
860Z200US95051,25655,653,24240,628,1415,325
860Z200US95053,42,64,42,64,0,14
860Z200US95054,10508,466,9963,480,545,220
860Z200US95060,20417,851,18415,765,2002,396
860Z200US95062,16979,578,15470,572,1509,271
860Z200US95064,536,152,495,150,41,44
860Z200US95065,3102,240,2898,250,204,116
860Z200US95066,6664,400,6195,334,469,237
860Z200US95070,11887,327,11194,299,693,225
860Z200US95073,4879,370,4516,364,363,133
860Z200US95075,194,60,192,60,2,3
860Z200US95076,26567,773,24656,768,1911,367
860Z200US95110,7621,500,6791,490,830,258
860Z200US95111,16166,579,15578,604,588,176
860Z200US95112,23628,727,21574,711,2054,393
860Z200US95113,1842,325,1421,291,421,209
860Z200US95116,13978,529,13394,538,584,174
860Z200US95117,11366,586,10422,594,944,249
860Z200US95118,12011,452,11404,452,607,184
860Z200US95119,3683,304,3649,304,34,43
860Z200US95120,12981,513,12660,505,321,125
860Z200US95121,10005,453,9828,455,177,110
860Z200US95122,12465,421,11829,449,636,183
860Z200US95123,25037,697,24377,697,660,175
860Z200US95124,18175,662,17586,642,589,247
860Z200US95125,22000,728,20779,756,1221,344
860Z200US95126,17222,539,16187,596,1035,300
860Z200US95127,16257,470,15230,485,1027,271
860Z200US95128,14951,577,13805,557,1146,325
860Z200US95129,15087,621,14105,630,982,311
860Z200US95130,5128,316,4750,292,378,190
860Z200US95131,10308,455,9976,461,332,134
860Z200US95132,12477,420,12068,412,409,172
860Z200US95133,9671,459,9309,513,362,222
860Z200US95134,14752,765,14050,784,702,297
860Z200US95135,7764,508,7515,489,249,133
860Z200US95136,16730,609,16306,598,424,235
860Z200US95138,5729,302,5580,312,149,75
860Z200US95139,2195,184,2174,185,21,23
860Z200US95140,35,22,29,22,6,10
860Z200US95148,12369,500,12110,496,259,144
860Z200US95202,4071,376,3380,390,691,214
860Z200US95203,5754,357,5392,356,362,132
860Z200US95204,12344,496,11405,524,939,268
860Z200US95205,11707,478,10646,509,1061,251
860Z200US95206,18787,636,17629,624,1158,298
860Z200US95207,20339,556,18971,626,1368,333
860Z200US95209,14106,562,13759,563,347,171
860Z200US95210,12509,469,11898,496,611,166
860Z200US95211,0,14,0,14,0,14
860Z200US95212,8357,564,8187,583,170,104
860Z200US95215,7276,508,6580,518,696,223
860Z200US95219,12023,422,11517,458,506,237
860Z200US95220,2840,312,2609,292,231,122
860Z200US95221,215,113,142,100,73,66
860Z200US95222,2778,307,2203,250,575,202
860Z200US95223,7318,307,1584,248,5734,350
860Z200US95224,247,97,145,77,102,66
860Z200US95225,528,282,482,275,46,60
860Z200US95226,0,14,0,14,0,14
860Z200US95227,340,166,309,163,31,48
860Z200US95228,2584,248,1847,234,737,202
860Z200US95230,194,115,177,112,17,31
860Z200US95231,647,151,538,155,109,64
860Z200US95232,71,58,51,47,20,32
860Z200US95233,121,73,85,53,36,51
860Z200US95236,1881,208,1670,236,211,124
860Z200US95237,1529,270,1529,270,0,14
860Z200US95240,17354,574,16064,601,1290,341
860Z200US95242,11441,532,10691,573,750,252
860Z200US95245,1328,318,1140,314,188,104
860Z200US95246,769,228,624,226,145,86
860Z200US95247,2622,303,1844,266,778,195
860Z200US95248,92,65,13,21,79,63
860Z200US95249,2061,300,1713,261,348,208
860Z200US95251,425,191,364,189,61,73
860Z200US95252,5327,373,4804,395,523,250
860Z200US95253,157,105,157,105,0,14
860Z200US95254,178,115,178,115,0,14
860Z200US95255,1040,215,860,226,180,103
860Z200US95257,402,155,298,151,104,59
860Z200US95258,1648,272,1622,272,26,40
860Z200US95301,12831,543,12573,561,258,128
860Z200US95303,283,82,274,81,9,14
860Z200US95304,5410,505,4949,516,461,216
860Z200US95305,63,64,58,62,5,10
860Z200US95306,518,171,460,160,58,74
860Z200US95307,13531,649,13092,665,439,177
860Z200US95309,0,14,0,14,0,14
860Z200US95310,849,112,618,111,231,114
860Z200US95311,1447,233,1090,193,357,163
860Z200US95312,73,35,73,35,0,14
860Z200US95313,478,139,425,141,53,47
860Z200US95315,3819,301,3716,307,103,55
860Z200US95316,2642,364,2565,369,77,50
860Z200US95317,287,89,265,85,22,19
860Z200US95318,357,135,323,132,34,40
860Z200US95319,529,161,442,140,87,77
860Z200US95320,5037,395,4662,408,375,146
860Z200US95321,3665,283,1556,202,2109,252
860Z200US95322,3985,515,3602,480,383,235
860Z200US95323,477,87,456,83,21,18
860Z200US95324,2732,282,2546,242,186,153
860Z200US95325,0,14,0,14,0,14
860Z200US95326,4072,437,3906,412,166,83
860Z200US95327,3257,411,2931,408,326,150
860Z200US95328,1312,255,1213,233,99,98
860Z200US95329,1559,190,1156,181,403,131
860Z200US95330,9202,431,8892,415,310,168
860Z200US95333,910,116,796,115,114,49
860Z200US95334,4401,310,4222,301,179,101
860Z200US95335,834,191,78,56,756,182
860Z200US95336,17154,597,16200,658,954,293
860Z200US95337,14536,582,14079,613,457,225
860Z200US95338,5802,292,4750,287,1052,261
860Z200US95340,13724,587,12822,619,902,238
860Z200US95341,9683,426,9323,425,360,135
860Z200US95345,185,93,183,93,2,7
860Z200US95346,1378,242,477,168,901,224
860Z200US95348,12448,683,11550,681,898,297
860Z200US95350,20439,657,19783,691,656,207
860Z200US95351,13736,527,13229,545,507,178
860Z200US95354,9707,477,9089,453,618,234
860Z200US95355,22339,728,21565,790,774,363
860Z200US95356,11875,502,11553,522,322,154
860Z200US95357,4259,458,4190,459,69,63
860Z200US95358,8736,439,8273,460,463,166
860Z200US95360,4564,353,4102,319,462,200
860Z200US95361,12888,512,12242,560,646,240
860Z200US95363,8682,452,8202,476,480,167
860Z200US95364,300,144,0,14,300,144
860Z200US95365,1319,111,1239,134,80,87
860Z200US95366,6970,495,6736,482,234,148
860Z200US95367,7931,375,7847,379,84,58
860Z200US95368,4286,442,4286,442,0,21
860Z200US95369,381,89,301,85,80,48
860Z200US95370,14074,582,12249,582,1825,351
860Z200US95372,739,197,701,186,38,61
860Z200US95374,686,100,591,70,95,88
860Z200US95375,498,127,55,66,443,131
860Z200US95376,17699,720,16981,769,718,216
860Z200US95377,10584,471,10170,480,414,179
860Z200US95379,1680,269,1515,288,165,122
860Z200US95380,15736,653,14896,657,840,214
860Z200US95382,14118,489,13759,481,359,175
860Z200US95383,3292,347,1682,259,1610,305
860Z200US95385,210,78,202,77,8,12
860Z200US95386,3273,223,3090,188,183,117
860Z200US95387,242,106,242,106,0,14
860Z200US95388,4078,360,3849,363,229,104
860Z200US95389,638,173,302,106,336,146
860Z200US95391,7412,581,7097,597,315,177
860Z200US95401,14384,503,13840,501,544,252
860Z200US95403,17832,693,16823,651,1009,333
860Z200US95404,16861,709,15478,691,1383,334
860Z200US95405,9651,540,9429,544,222,145
860Z200US95407,13494,637,13168,632,326,147
860Z200US95409,12280,580,11444,578,836,257
860Z200US95410,564,139,433,152,131,83
860Z200US95412,171,69,137,68,34,34
860Z200US95415,464,132,326,133,138,67
860Z200US95417,52,61,52,61,0,14
860Z200US95419,132,63,88,52,44,53
860Z200US95420,160,76,149,76,11,18
860Z200US95421,1145,156,663,110,482,118
860Z200US95422,8173,435,6283,368,1890,302
860Z200US95423,2464,246,1708,241,756,241
860Z200US95425,4480,295,4309,284,171,99
860Z200US95426,1038,146,586,131,452,150
860Z200US95427,294,115,220,106,74,71
860Z200US95428,1273,138,918,140,355,90
860Z200US95429,136,80,94,75,42,48
860Z200US95430,16,27,0,14,16,27
860Z200US95431,0,14,0,14,0,14
860Z200US95432,398,113,284,115,114,70
860Z200US95435,0,14,0,14,0,14
860Z200US95436,2687,238,2354,237,333,118
860Z200US95437,7791,350,6440,363,1351,222
860Z200US95439,236,124,203,113,33,46
860Z200US95441,902,136,705,124,197,69
860Z200US95442,1781,375,1642,409,139,109
860Z200US95443,43,43,23,29,20,33
860Z200US95444,283,72,283,72,0,14
860Z200US95445,1368,260,926,218,442,166
860Z200US95446,3252,297,2374,263,878,196
860Z200US95448,7716,401,6741,345,975,210
860Z200US95449,697,118,541,124,156,64
860Z200US95450,311,78,114,31,197,75
860Z200US95451,6401,530,5074,475,1327,383
860Z200US95452,757,191,620,185,137,89
860Z200US95453,5443,353,4587,378,856,233
860Z200US95454,1057,203,814,187,243,135
860Z200US95456,776,162,420,136,356,118
860Z200US95457,1689,250,1361,223,328,189
860Z200US95458,2152,273,1559,217,593,183
860Z200US95459,557,133,334,119,223,52
860Z200US95460,1451,168,1136,172,315,128
860Z200US95461,1453,276,1176,279,277,144
860Z200US95462,960,142,583,117,377,113
860Z200US95463,67,69,7,11,60,69
860Z200US95464,1347,233,989,225,358,122
860Z200US95465,1091,196,545,134,546,190
860Z200US95466,459,107,280,91,179,83
860Z200US95467,2550,262,2242,276,308,118
860Z200US95468,772,158,680,143,92,64
860Z200US95469,871,122,560,100,311,106
860Z200US95470,2445,262,2206,265,239,136
860Z200US95471,498,155,286,152,212,118
860Z200US95472,12612,711,11734,686,878,255
860Z200US95476,17223,737,15072,726,2151,350
860Z200US95480,4,5,3,4,1,3
860Z200US95482,13014,586,11789,595,1225,312
860Z200US95485,1355,247,1274,246,81,80
860Z200US95486,17,18,17,18,0,14
860Z200US95488,302,165,193,144,109,96
860Z200US95490,6324,338,5701,417,623,238
860Z200US95492,10128,358,9627,377,501,178
860Z200US95493,88,83,78,81,10,17
860Z200US95494,111,65,77,55,34,40
860Z200US95497,1853,122,692,119,1161,140
860Z200US95501,10545,540,9264,481,1281,333
860Z200US95503,10677,476,9982,461,695,256
860Z200US95511,57,65,37,58,20,32
860Z200US95514,95,60,24,27,71,53
860Z200US95519,8152,489,7429,445,723,231
860Z200US95521,10198,520,9225,488,973,265
860Z200US95524,671,140,658,141,13,21
860Z200US95525,895,152,761,133,134,56
860Z200US95526,440,114,272,90,168,68
860Z200US95527,419,97,226,78,193,63
860Z200US95528,651,135,527,122,124,51
860Z200US95531,8919,271,7708,344,1211,270
860Z200US95536,1610,191,1307,174,303,113
860Z200US95537,168,134,128,120,40,63
860Z200US95538,400,156,367,150,33,52
860Z200US95540,6059,422,5689,395,370,158
860Z200US95542,1414,268,1202,235,212,113
860Z200US95543,456,144,322,133,134,127
860Z200US95545,99,53,55,41,44,26
860Z200US95546,1012,96,776,89,236,48
860Z200US95547,558,108,491,102,67,46
860Z200US95548,529,78,346,59,183,58
860Z200US95549,358,87,333,81,25,31
860Z200US95550,115,67,68,53,47,43
860Z200US95551,792,150,711,141,81,60
860Z200US95552,529,162,223,131,306,94
860Z200US95553,459,212,317,175,142,104
860Z200US95554,167,89,137,84,30,36
860Z200US95555,208,39,115,36,93,26
860Z200US95556,377,191,333,187,44,45
860Z200US95558,203,62,125,55,78,36
860Z200US95559,91,68,41,63,50,63
860Z200US95560,883,321,611,304,272,121
860Z200US95562,1694,213,1518,200,176,105
860Z200US95563,338,123,161,90,177,86
860Z200US95564,219,66,171,62,48,25
860Z200US95565,366,95,275,86,91,48
860Z200US95567,898,187,751,182,147,105
860Z200US95568,50,24,25,20,25,16
860Z200US95569,110,52,65,34,45,42
860Z200US95570,1556,148,1171,136,385,96
860Z200US95571,76,86,49,76,27,42
860Z200US95573,1031,180,618,157,413,150
860Z200US95585,324,108,218,98,106,45
860Z200US95587,26,43,0,14,26,43
860Z200US95589,1104,202,574,170,530,183
860Z200US95595,126,64,74,61,52,34
860Z200US95601,188,93,152,92,36,26
860Z200US95602,8182,484,7597,467,585,254
860Z200US95603,12467,460,11738,432,729,207
860Z200US95604,79,53,13,22,66,50
860Z200US95605,5684,362,4925,381,759,236
860Z200US95606,107,87,105,87,2,6
860Z200US95607,133,79,133,79,0,14
860Z200US95608,27195,937,25577,892,1618,422
860Z200US95610,18133,566,17478,579,655,227
860Z200US95612,538,116,486,112,52,57
860Z200US95613,39,48,14,25,25,41
860Z200US95614,1691,215,1596,212,95,106
860Z200US95615,381,169,381,169,0,14
860Z200US95616,20176,572,18459,515,1717,357
860Z200US95618,10531,486,9831,473,700,210
860Z200US95619,2455,438,2208,406,247,167
860Z200US95620,8080,466,7651,438,429,189
860Z200US95621,17556,620,16952,565,604,220
860Z200US95623,1705,210,1653,201,52,75
860Z200US95624,20827,655,20437,646,390,210
860Z200US95625,146,119,146,119,0,14
860Z200US95626,1992,189,1855,187,137,73
860Z200US95627,1482,287,1162,232,320,176
860Z200US95628,17570,602,17008,571,562,224
860Z200US95629,463,120,355,89,108,80
860Z200US95630,30822,656,29917,602,905,246
860Z200US95631,2784,297,2705,298,79,68
860Z200US95632,10712,559,10275,565,437,196
860Z200US95633,1160,290,1083,283,77,65
860Z200US95634,1993,401,1684,403,309,189
860Z200US95635,503,152,460,151,43,43
860Z200US95636,603,205,476,198,127,85
860Z200US95637,218,110,203,109,15,23
860Z200US95638,920,159,904,157,16,20
860Z200US95639,75,46,75,46,0,14
860Z200US95640,4305,393,4182,399,123,101
860Z200US95641,1097,150,809,148,288,123
860Z200US95642,3582,323,3205,257,377,177
860Z200US95645,505,158,477,157,28,37
860Z200US95646,715,115,60,41,655,109
860Z200US95648,22613,667,21742,652,871,318
860Z200US95650,5449,503,5222,495,227,140
860Z200US95651,305,117,290,113,15,23
860Z200US95652,487,129,487,129,0,14
860Z200US95653,257,140,235,139,22,36
860Z200US95655,1570,134,1570,134,0,14
860Z200US95658,2399,250,2241,229,158,116
860Z200US95659,281,58,248,56,33,23
860Z200US95660,11422,677,10820,704,602,204
860Z200US95661,13777,437,13193,450,584,219
860Z200US95662,13115,471,12464,478,651,235
860Z200US95663,1203,245,1155,245,48,65
860Z200US95664,657,170,657,170,0,14
860Z200US95665,2205,265,1871,321,334,241
860Z200US95666,3560,257,2581,234,979,215
860Z200US95667,16103,595,14975,594,1128,309
860Z200US95668,258,53,216,46,42,32
860Z200US95669,1008,168,905,160,103,59
860Z200US95670,22973,560,22011,524,962,324
860Z200US95671,46,62,46,62,0,14
860Z200US95672,2017,299,1979,300,38,58
860Z200US95673,5407,344,5251,331,156,119
860Z200US95674,366,67,318,63,48,28
860Z200US95675,99,77,80,72,19,32
860Z200US95676,18,15,4,5,14,15
860Z200US95677,11364,440,10981,464,383,142
860Z200US95678,18748,575,18028,655,720,256
860Z200US95679,27,41,27,41,0,14
860Z200US95680,47,58,11,17,36,56
860Z200US95681,336,134,336,134,0,14
860Z200US95682,12098,529,11546,475,552,230
860Z200US95683,2742,296,2726,297,16,27
860Z200US95684,1530,155,1259,182,271,149
860Z200US95685,2447,312,2092,255,355,174
860Z200US95686,429,80,395,82,34,28
860Z200US95687,23876,667,22802,701,1074,316
860Z200US95688,14915,655,14158,634,757,277
860Z200US95689,825,215,615,153,210,116
860Z200US95690,857,158,758,162,99,76
860Z200US95691,15223,563,14499,564,724,234
860Z200US95692,1845,195,1836,196,9,13
860Z200US95693,2532,277,2275,265,257,159
860Z200US95694,3703,293,3503,268,200,118
860Z200US95695,15136,587,14079,591,1057,324
860Z200US95697,201,122,201,122,0,14
860Z200US95698,122,71,122,71,0,14
860Z200US95699,63,61,57,61,6,11
860Z200US95701,577,98,393,92,184,55
860Z200US95703,925,186,873,172,52,61
860Z200US95709,2514,384,2364,379,150,113
860Z200US95713,3927,271,3653,267,274,151
860Z200US95714,293,62,177,49,116,52
860Z200US95715,127,56,30,28,97,49
860Z200US95717,70,33,33,22,37,28
860Z200US95720,325,42,20,16,305,43
860Z200US95721,190,91,0,14,190,91
860Z200US95722,1890,202,1712,177,178,111
860Z200US95726,4567,366,3611,365,956,211
860Z200US95728,1161,173,245,89,916,155
860Z200US95735,613,62,23,23,590,62
860Z200US95736,159,77,115,58,44,52
860Z200US95742,5509,306,5360,307,149,109
860Z200US95746,8402,389,7955,356,447,193
860Z200US95747,30845,630,30086,629,759,249
860Z200US95757,16590,607,16184,606,406,171
860Z200US95758,22691,815,21937,830,754,208
860Z200US95762,17673,579,17080,576,593,221
860Z200US95765,15541,512,14882,490,659,222
860Z200US95776,8888,467,8682,448,206,112
860Z200US95811,5219,403,4911,390,308,95
860Z200US95814,8266,613,7154,612,1112,240
860Z200US95815,10603,595,9668,624,935,225
860Z200US95816,11694,537,11109,583,585,239
860Z200US95817,7195,526,6754,533,441,162
860Z200US95818,11812,496,10916,548,896,282
860Z200US95819,9047,527,8417,554,630,210
860Z200US95820,14136,688,13511,687,625,223
860Z200US95821,16427,732,15500,765,927,293
860Z200US95822,17407,595,16695,621,712,259
860Z200US95823,25255,739,24323,737,932,277
860Z200US95824,9658,388,9245,414,413,143
860Z200US95825,16739,600,15717,591,1022,244
860Z200US95826,16683,632,15877,674,806,230
860Z200US95827,7940,394,7542,396,398,190
860Z200US95828,18462,684,17912,688,550,193
860Z200US95829,9566,470,9397,451,169,97
860Z200US95830,224,69,188,62,36,52
860Z200US95831,20038,840,19059,806,979,379
860Z200US95832,3428,426,3280,430,148,84
860Z200US95833,16875,639,15712,650,1163,268
860Z200US95834,14118,607,13070,706,1048,286
860Z200US95835,15908,671,15071,682,837,264
860Z200US95837,128,59,128,59,0,14
860Z200US95838,12315,564,12016,558,299,138
860Z200US95841,8769,557,8232,536,537,265
860Z200US95842,12117,462,11660,447,457,212
860Z200US95843,15278,621,15019,629,259,139
860Z200US95864,10530,625,10041,634,489,149
860Z200US95901,14119,542,13380,523,739,241
860Z200US95903,716,94,662,101,54,38
860Z200US95910,51,51,10,17,41,47
860Z200US95912,1679,380,1580,379,99,80
860Z200US95913,120,74,120,74,0,14
860Z200US95914,275,79,187,52,88,66
860Z200US95915,0,14,0,14,0,14
860Z200US95916,365,98,272,87,93,55
860Z200US95917,1298,161,1199,153,99,59
860Z200US95918,871,173,799,176,72,68
860Z200US95919,738,221,516,217,222,151
860Z200US95920,165,61,135,62,30,20
860Z200US95922,328,82,279,74,49,26
860Z200US95923,212,97,35,36,177,91
860Z200US95925,35,31,35,31,0,14
860Z200US95926,18549,560,17099,596,1450,333
860Z200US95928,17988,692,16285,708,1703,370
860Z200US95929,0,14,0,14,0,14
860Z200US95930,202,160,155,142,47,76
860Z200US95932,3106,301,2994,295,112,101
860Z200US95934,111,82,50,51,61,62
860Z200US95935,426,209,302,142,124,111
860Z200US95936,286,119,51,46,235,109
860Z200US95937,420,198,392,188,28,47
860Z200US95938,1603,219,1513,228,90,107
860Z200US95939,239,68,167,62,72,34
860Z200US95941,63,60,32,37,31,48
860Z200US95942,1075,215,782,249,293,122
860Z200US95943,328,94,273,79,55,67
860Z200US95944,122,117,122,117,0,14
860Z200US95945,12944,539,12001,471,943,300
860Z200US95946,4504,392,4093,388,411,217
860Z200US95947,819,182,598,165,221,134
860Z200US95948,4285,367,3836,344,449,156
860Z200US95949,8905,431,8380,442,525,203
860Z200US95950,139,87,100,83,39,46
860Z200US95951,820,143,788,145,32,31
860Z200US95953,3613,320,3420,293,193,125
860Z200US95954,3939,365,3353,321,586,218
860Z200US95955,541,133,487,133,54,27
860Z200US95956,503,122,186,86,317,93
860Z200US95957,325,63,260,57,65,33
860Z200US95958,0,14,0,14,0,14
860Z200US95959,8815,486,7437,530,1378,377
860Z200US95960,351,153,272,125,79,84
860Z200US95961,10866,513,10211,546,655,327
860Z200US95962,489,158,458,158,31,36
860Z200US95963,6250,303,5544,322,706,203
860Z200US95965,8067,460,7178,474,889,259
860Z200US95966,13755,556,11466,556,2289,410
860Z200US95968,638,158,608,153,30,40
860Z200US95969,4128,359,3764,348,364,166
860Z200US95970,232,58,166,59,66,35
860Z200US95971,2900,195,2304,292,596,201
860Z200US95972,0,14,0,14,0,14
860Z200US95973,16353,574,15323,635,1030,363
860Z200US95974,62,45,62,45,0,14
860Z200US95975,573,157,517,156,56,61
860Z200US95977,830,215,710,197,120,110
860Z200US95978,64,59,30,47,34,47
860Z200US95979,440,139,285,116,155,68
860Z200US95981,256,96,39,37,217,89
860Z200US95982,1173,170,1130,171,43,46
860Z200US95983,259,108,183,86,76,69
860Z200US95984,105,63,51,37,54,52
860Z200US95986,59,44,51,41,8,14
860Z200US95987,2087,253,1928,237,159,109
860Z200US95988,3481,250,3046,229,435,216
860Z200US95991,15358,450,14630,465,728,217
860Z200US95993,13185,521,12838,559,347,164
860Z200US96001,14506,526,13089,544,1417,326
860Z200US96002,13736,470,12882,453,854,296
860Z200US96003,20065,519,18047,590,2018,380
860Z200US96006,272,85,195,83,77,45
860Z200US96007,10683,499,9663,560,1020,301
860Z200US96008,413,135,402,133,11,14
860Z200US96009,209,63,107,43,102,48
860Z200US96010,78,57,25,22,53,56
860Z200US96011,92,31,39,20,53,24
860Z200US96013,2001,209,1598,208,403,149
860Z200US96014,143,76,118,70,25,39
860Z200US96015,209,89,122,73,87,89
860Z200US96016,196,110,113,81,83,77
860Z200US96017,187,55,70,32,117,42
860Z200US96019,4352,267,4040,252,312,129
860Z200US96020,1983,269,1119,215,864,238
860Z200US96021,5873,360,5310,378,563,196
860Z200US96022,6725,408,6246,405,479,220
860Z200US96023,552,94,498,88,54,34
860Z200US96024,518,83,394,85,124,47
860Z200US96025,1524,99,949,112,575,96
860Z200US96027,957,147,813,141,144,66
860Z200US96028,921,165,599,158,322,145
860Z200US96029,54,27,46,27,8,9
860Z200US96031,83,30,40,23,43,23
860Z200US96032,1307,183,1036,142,271,130
860Z200US96033,130,37,81,34,49,24
860Z200US96034,170,49,148,41,22,17
860Z200US96035,1572,256,1421,239,151,95
860Z200US96037,81,72,81,72,0,14
860Z200US96038,253,74,230,72,23,22
860Z200US96039,360,73,279,68,81,33
860Z200US96040,85,74,22,24,63,70
860Z200US96041,1590,326,1223,298,367,208
860Z200US96044,616,85,467,79,149,46
860Z200US96046,76,51,63,47,13,22
860Z200US96047,440,115,341,102,99,56
860Z200US96048,442,97,319,87,123,48
860Z200US96050,247,61,218,58,29,21
860Z200US96051,853,118,443,108,410,108
860Z200US96052,929,159,622,148,307,91
860Z200US96054,211,63,88,43,123,56
860Z200US96055,1654,246,1397,224,257,128
860Z200US96056,925,203,669,180,256,127
860Z200US96057,895,70,510,63,385,68
860Z200US96058,323,75,223,64,100,41
860Z200US96059,470,181,302,146,168,124
860Z200US96061,107,94,51,67,56,63
860Z200US96062,464,106,412,104,52,31
860Z200US96063,243,117,66,66,177,107
860Z200US96064,2115,163,1809,164,306,69
860Z200US96065,185,57,98,40,87,46
860Z200US96067,4623,351,3836,314,787,235
860Z200US96068,39,35,9,12,30,33
860Z200US96069,640,121,557,124,83,34
860Z200US96071,154,93,20,22,134,95
860Z200US96073,2053,186,2016,185,37,32
860Z200US96074,70,36,54,31,16,17
860Z200US96075,146,88,93,74,53,54
860Z200US96076,53,62,53,62,0,14
860Z200US96078,88,97,88,97,0,14
860Z200US96080,13376,488,12340,534,1036,326
860Z200US96084,354,77,282,73,72,37
860Z200US96085,53,29,39,26,14,12
860Z200US96086,204,47,144,41,60,25
860Z200US96087,355,112,311,111,44,39
860Z200US96088,2677,300,2113,290,564,200
860Z200US96090,188,53,161,47,27,17
860Z200US96091,873,141,395,109,478,92
860Z200US96092,107,67,107,67,0,14
860Z200US96093,1959,254,1690,263,269,115
860Z200US96094,3258,228,2823,182,435,147
860Z200US96096,352,79,268,69,84,43
860Z200US96097,4754,290,4397,293,357,165
860Z200US96101,2517,196,1928,215,589,161
860Z200US96103,1757,200,521,124,1236,174
860Z200US96104,457,104,364,100,93,42
860Z200US96105,279,165,220,147,59,63
860Z200US96106,454,130,110,84,344,111
860Z200US96107,463,130,332,108,131,96
860Z200US96108,33,36,33,36,0,14
860Z200US96109,641,111,523,98,118,76
860Z200US96110,111,40,50,28,61,31
860Z200US96111,15,16,15,16,0,14
860Z200US96112,149,48,64,33,85,35
860Z200US96113,284,78,219,74,65,42
860Z200US96114,1394,157,1151,164,243,121
860Z200US96115,105,52,77,39,28,31
860Z200US96116,131,77,6,11,125,72
860Z200US96117,134,49,69,39,65,44
860Z200US96118,774,153,622,149,152,81
860Z200US96119,36,24,6,9,30,23
860Z200US96120,535,85,345,63,190,62
860Z200US96121,88,54,73,49,15,24
860Z200US96122,2481,266,1806,278,675,248
860Z200US96123,62,23,23,11,39,19
860Z200US96124,141,101,43,34,98,96
860Z200US96125,331,115,163,68,168,98
860Z200US96126,217,112,136,82,81,80
860Z200US96128,249,95,228,93,21,23
860Z200US96129,152,104,152,104,0,14
860Z200US96130,7326,287,5894,292,1432,226
860Z200US96132,24,17,13,16,11,8
860Z200US96133,52,51,52,51,0,14
860Z200US96134,1041,118,812,124,229,60
860Z200US96135,0,14,0,14,0,14
860Z200US96136,11,15,11,15,0,14
860Z200US96137,3941,317,1366,205,2575,287
860Z200US96140,1732,186,500,143,1232,126
860Z200US96141,1518,140,247,57,1271,146
860Z200US96142,2252,151,367,67,1885,136
860Z200US96143,2792,218,1318,230,1474,221
860Z200US96145,5129,268,1469,219,3660,273
860Z200US96146,2238,194,546,91,1692,163
860Z200US96148,905,137,254,104,651,126
860Z200US96150,23739,637,12864,507,10875,562
860Z200US96155,118,64,0,14,118,64
860Z200US96161,18794,476,7929,322,10865,442
