incident_name,incident_num,incident_start,county,zip_reported,damage,structure_category,zcta,lat,lon
Spenceville,CANEU 019297,2017-07-24,Yuba,,Destroyed (>50%),Other Minor Structure,95692,39.0734,-121.3486
Spenceville,CANEU 019297,2017-07-24,Yuba,,Destroyed (>50%),Other Minor Structure,95692,39.0734,-121.3485
Spenceville,CANEU 019297,2017-07-24,Yuba,,Destroyed (>50%),Single Residence,95692,39.0737,-121.3485
Spenceville,CANEU 019297,2017-07-24,Yuba,,Destroyed (>50%),Other Minor Structure,95692,39.0745,-121.3473
Spenceville,CANEU 019297,2017-07-24,Yuba,,Destroyed (>50%),Single Residence,95692,39.0747,-121.3476
Spenceville,CANEU 019297,2017-07-24,Yuba,,Minor (10-25%),Other Minor Structure,95692,39.0755,-121.3469
Pleasant,CANEU 022877,2017-08-30,Nevada,95959,Destroyed (>50%),Single Residence,95959,39.3467,-121.1157
Pleasant,CANEU 022877,2017-08-30,Nevada,95959,Affected (>0-10%),Single Residence,95960,39.3434,-121.121
Cascade,CANEU 026269,2017-10-08,Yuba,,Affected (>0-10%),Other Minor Structure,95901,39.2973,-121.4107
Cascade,CANEU 026269,2017-10-08,Yuba,,Affected (>0-10%),Other Minor Structure,95901,39.3011,-121.4145
Cascade,CANEU 026269,2017-10-08,Yuba,,Affected (>0-10%),Other Minor Structure,95901,39.3199,-121.3843
Cascade,CANEU 026269,2017-10-08,Yuba,,Affected (>0-10%),Other Minor Structure,95901,39.3424,-121.3904
Cascade,CANEU 026269,2017-10-08,Yuba,,Destroyed (>50%),Other Minor Structure,95901,39.3013,-121.412
Cascade,CANEU 026269,2017-10-08,Yuba,,Destroyed (>50%),Single Residence,95901,39.3015,-121.4123
Cascade,CANEU 026269,2017-10-08,Yuba,,Destroyed (>50%),Other Minor Structure,95901,39.3054,-121.4087
Cascade,CANEU 026269,2017-10-08,Yuba,,Destroyed (>50%),Other Minor Structure,95901,39.3055,-121.4095
Cascade,CANEU 026269,2017-10-08,Yuba,,Destroyed (>50%),Other Minor Structure,95901,39.3057,-121.4088
Cascade,CANEU 026269,2017-10-08,Yuba,,Destroyed (>50%),Other Minor Structure,95901,39.3064,-121.4109
Cascade,CANEU 026269,2017-10-08,Yuba,,Destroyed (>50%),Single Residence,95901,39.3068,-121.4099
Cascade,CANEU 026269,2017-10-08,Yuba,,Destroyed (>50%),Other Minor Structure,95901,39.3075,-121.4064
Cascade,CANEU 026269,2017-10-08,Yuba,,Destroyed (>50%),Single Residence,95901,39.3084,-121.4091
Cascade,CANEU 026269,2017-10-08,Yuba,,Destroyed (>50%),Other Minor Structure,95901,39.3084,-121.4087
Cascade,CANEU 026269,2017-10-08,Yuba,,Destroyed (>50%),Single Residence,95901,39.3094,-121.4108
Cascade,CANEU 026269,2017-10-08,Yuba,,Destroyed (>50%),Other Minor Structure,95901,39.3095,-121.4106
Cascade,CANEU 026269,2017-10-08,Yuba,,Destroyed (>50%),Other Minor Structure,95901,39.3095,-121.4101
Cascade,CANEU 026269,2017-10-08,Yuba,,Destroyed (>50%),Other Minor Structure,95901,39.3097,-121.4106
Cascade,CANEU 026269,2017-10-08,Yuba,,Destroyed (>50%),Other Minor Structure,95901,39.3097,-121.41
Cascade,CANEU 026269,2017-10-08,Yuba,,Destroyed (>50%),Single Residence,95901,39.3101,-121.3844
Cascade,CANEU 026269,2017-10-08,Yuba,,Destroyed (>50%),Single Residence,95901,39.3106,-121.3929
Cascade,CANEU 026269,2017-10-08,Yuba,,Destroyed (>50%),Single Residence,95901,39.3107,-121.4234
Cascade,CANEU 026269,2017-10-08,Yuba,,Destroyed (>50%),Other Minor Structure,95901,39.3112,-121.4084
Cascade,CANEU 026269,2017-10-08,Yuba,,Destroyed (>50%),Other Minor Structure,95901,39.3113,-121.4112
Cascade,CANEU 026269,2017-10-08,Yuba,,Destroyed (>50%),Other Minor Structure,95901,39.3116,-121.4148
Cascade,CANEU 026269,2017-10-08,Yuba,,Destroyed (>50%),Other Minor Structure,95901,39.3117,-121.3997
Cascade,CANEU 026269,2017-10-08,Yuba,,Destroyed (>50%),Other Minor Structure,95901,39.3117,-121.3996
Cascade,CANEU 026269,2017-10-08,Yuba,,Destroyed (>50%),Other Minor Structure,95901,39.3118,-121.3994
Cascade,CANEU 026269,2017-10-08,Yuba,,Destroyed (>50%),Other Minor Structure,95901,39.3123,-121.4075
Cascade,CANEU 026269,2017-10-08,Yuba,,Destroyed (>50%),Other Minor Structure,95901,39.3123,-121.3915
Cascade,CANEU 026269,2017-10-08,Yuba,,Destroyed (>50%),Single Residence,95901,39.3123,-121.3913
Cascade,CANEU 026269,2017-10-08,Yuba,,Destroyed (>50%),Other Minor Structure,95901,39.3132,-121.4137
Cascade,CANEU 026269,2017-10-08,Yuba,,Destroyed (>50%),Other Minor Structure,95901,39.3133,-121.3923
Cascade,CANEU 026269,2017-10-08,Yuba,,Destroyed (>50%),Other Minor Structure,95901,39.3134,-121.4164
Cascade,CANEU 026269,2017-10-08,Yuba,,Destroyed (>50%),Single Residence,95901,39.3135,-121.4166
Cascade,CANEU 026269,2017-10-08,Yuba,,Destroyed (>50%),Single Residence,95901,39.3137,-121.3848
Cascade,CANEU 026269,2017-10-08,Yuba,,Destroyed (>50%),Single Residence,95901,39.3143,-121.4185
Cascade,CANEU 026269,2017-10-08,Yuba,,Destroyed (>50%),Single Residence,95901,39.3145,-121.4057
Cascade,CANEU 026269,2017-10-08,Yuba,,Destroyed (>50%),Single Residence,95901,39.3145,-121.386
Cascade,CANEU 026269,2017-10-08,Yuba,,Destroyed (>50%),Single Residence,95901,39.3147,-121.4079
Cascade,CANEU 026269,2017-10-08,Yuba,,Destroyed (>50%),Single Residence,95901,39.3147,-121.4052
Cascade,CANEU 026269,2017-10-08,Yuba,,Destroyed (>50%),Other Minor Structure,95901,39.3148,-121.4055
Cascade,CANEU 026269,2017-10-08,Yuba,,Destroyed (>50%),Single Residence,95901,39.315,-121.4156
Cascade,CANEU 026269,2017-10-08,Yuba,,Destroyed (>50%),Other Minor Structure,95901,39.3151,-121.4081
Cascade,CANEU 026269,2017-10-08,Yuba,,Destroyed (>50%),Single Residence,95901,39.3152,-121.4152
Cascade,CANEU 026269,2017-10-08,Yuba,,Destroyed (>50%),Single Residence,95901,39.3154,-121.4176
Cascade,CANEU 026269,2017-10-08,Yuba,,Destroyed (>50%),Other Minor Structure,95901,39.3154,-121.3923
Cascade,CANEU 026269,2017-10-08,Yuba,,Destroyed (>50%),Other Minor Structure,95901,39.3156,-121.407
Cascade,CANEU 026269,2017-10-08,Yuba,,Destroyed (>50%),Single Residence,95901,39.3157,-121.3862
Cascade,CANEU 026269,2017-10-08,Yuba,,Destroyed (>50%),Other Minor Structure,95901,39.316,-121.3761
Cascade,CANEU 026269,2017-10-08,Yuba,,Destroyed (>50%),Single Residence,95901,39.3161,-121.4068
Cascade,CANEU 026269,2017-10-08,Yuba,,Destroyed (>50%),Single Residence,95901,39.3162,-121.3935
Cascade,CANEU 026269,2017-10-08,Yuba,,Destroyed (>50%),Other Minor Structure,95901,39.3163,-121.3936
Cascade,CANEU 026269,2017-10-08,Yuba,,Destroyed (>50%),Single Residence,95901,39.3163,-121.3837
Cascade,CANEU 026269,2017-10-08,Yuba,,Destroyed (>50%),Single Residence,95901,39.3165,-121.4058
Cascade,CANEU 026269,2017-10-08,Yuba,,Destroyed (>50%),Single Residence,95901,39.3168,-121.3936
Cascade,CANEU 026269,2017-10-08,Yuba,,Destroyed (>50%),Single Residence,95901,39.3169,-121.4092
Cascade,CANEU 026269,2017-10-08,Yuba,,Destroyed (>50%),Single Residence,95901,39.317,-121.4232
Cascade,CANEU 026269,2017-10-08,Yuba,,Destroyed (>50%),Other Minor Structure,95901,39.317,-121.4056
Cascade,CANEU 026269,2017-10-08,Yuba,,Destroyed (>50%),Single Residence,95901,39.3171,-121.4203
Cascade,CANEU 026269,2017-10-08,Yuba,,Destroyed (>50%),Other Minor Structure,95901,39.3171,-121.4118
Cascade,CANEU 026269,2017-10-08,Yuba,,Destroyed (>50%),Single Residence,95901,39.3171,-121.4061
Cascade,CANEU 026269,2017-10-08,Yuba,,Destroyed (>50%),Single Residence,95901,39.3171,-121.3776
Cascade,CANEU 026269,2017-10-08,Yuba,,Destroyed (>50%),Single Residence,95901,39.3172,-121.4159
Cascade,CANEU 026269,2017-10-08,Yuba,,Destroyed (>50%),Single Residence,95901,39.3172,-121.4152
Cascade,CANEU 026269,2017-10-08,Yuba,,Destroyed (>50%),Other Minor Structure,95901,39.3172,-121.4149
Cascade,CANEU 026269,2017-10-08,Yuba,,Destroyed (>50%),Other Minor Structure,95901,39.3172,-121.4092
Cascade,CANEU 026269,2017-10-08,Yuba,,Destroyed (>50%),Single Residence,95901,39.3176,-121.3963
Cascade,CANEU 026269,2017-10-08,Yuba,,Destroyed (>50%),Other Minor Structure,95901,39.3177,-121.3888
Cascade,CANEU 026269,2017-10-08,Yuba,,Destroyed (>50%),Other Minor Structure,95901,39.3178,-121.4142
Cascade,CANEU 026269,2017-10-08,Yuba,,Destroyed (>50%),Other Minor Structure,95901,39.3179,-121.3964
Cascade,CANEU 026269,2017-10-08,Yuba,,Destroyed (>50%),Single Residence,95901,39.318,-121.4208
Cascade,CANEU 026269,2017-10-08,Yuba,,Destroyed (>50%),Other Minor Structure,95901,39.3182,-121.3969
Cascade,CANEU 026269,2017-10-08,Yuba,,Destroyed (>50%),Other Minor Structure,95901,39.3183,-121.416
Cascade,CANEU 026269,2017-10-08,Yuba,,Destroyed (>50%),Single Residence,95901,39.3184,-121.4024
Cascade,CANEU 026269,2017-10-08,Yuba,,Destroyed (>50%),Single Residence,95901,39.3185,-121.3982
Cascade,CANEU 026269,2017-10-08,Yuba,,Destroyed (>50%),Single Residence,95901,39.3186,-121.3996
Cascade,CANEU 026269,2017-10-08,Yuba,,Destroyed (>50%),Other Minor Structure,95901,39.3187,-121.4006
Cascade,CANEU 026269,2017-10-08,Yuba,,Destroyed (>50%),Single Residence,95901,39.3188,-121.3997
Cascade,CANEU 026269,2017-10-08,Yuba,,Destroyed (>50%),Other Minor Structure,95901,39.3189,-121.4027
Cascade,CANEU 026269,2017-10-08,Yuba,,Destroyed (>50%),Other Minor Structure,95901,39.319,-121.4232
Cascade,CANEU 026269,2017-10-08,Yuba,,Destroyed (>50%),Single Residence,95901,39.319,-121.4023
Cascade,CANEU 026269,2017-10-08,Yuba,,Destroyed (>50%),Single Residence,95901,39.319,-121.397
Cascade,CANEU 026269,2017-10-08,Yuba,,Destroyed (>50%),Single Residence,95901,39.319,-121.386
Cascade,CANEU 026269,2017-10-08,Yuba,,Destroyed (>50%),Other Minor Structure,95901,39.3191,-121.4232
Cascade,CANEU 026269,2017-10-08,Yuba,,Destroyed (>50%),Other Minor Structure,95901,39.3191,-121.3948
Cascade,CANEU 026269,2017-10-08,Yuba,,Destroyed (>50%),Single Residence,95901,39.3196,-121.3956
Cascade,CANEU 026269,2017-10-08,Yuba,,Destroyed (>50%),Other Minor Structure,95901,39.3197,-121.4002
Cascade,CANEU 026269,2017-10-08,Yuba,,Destroyed (>50%),Single Residence,95901,39.3198,-121.3999
Cascade,CANEU 026269,2017-10-08,Yuba,,Destroyed (>50%),Other Minor Structure,95901,39.3201,-121.4169
Cascade,CANEU 026269,2017-10-08,Yuba,,Destroyed (>50%),Single Residence,95901,39.3208,-121.3972
Cascade,CANEU 026269,2017-10-08,Yuba,,Destroyed (>50%),Single Residence,95901,39.321,-121.3971
Cascade,CANEU 026269,2017-10-08,Yuba,,Destroyed (>50%),Single Residence,95901,39.3213,-121.416
Cascade,CANEU 026269,2017-10-08,Yuba,,Destroyed (>50%),Single Residence,95901,39.3216,-121.4179
Cascade,CANEU 026269,2017-10-08,Yuba,,Destroyed (>50%),Other Minor Structure,95901,39.3216,-121.4161
Cascade,CANEU 026269,2017-10-08,Yuba,,Destroyed (>50%),Other Minor Structure,95901,39.3219,-121.4178
Cascade,CANEU 026269,2017-10-08,Yuba,,Destroyed (>50%),Single Residence,95901,39.3221,-121.3936
Cascade,CANEU 026269,2017-10-08,Yuba,,Destroyed (>50%),Single Residence,95901,39.3223,-121.3649
Cascade,CANEU 026269,2017-10-08,Yuba,,Destroyed (>50%),Single Residence,95901,39.3225,-121.3924
Cascade,CANEU 026269,2017-10-08,Yuba,,Destroyed (>50%),Single Residence,95901,39.3226,-121.4183
Cascade,CANEU 026269,2017-10-08,Yuba,,Destroyed (>50%),Single Residence,95901,39.3226,-121.3956
Cascade,CANEU 026269,2017-10-08,Yuba,,Destroyed (>50%),Single Residence,95901,39.3228,-121.4177
Cascade,CANEU 026269,2017-10-08,Yuba,,Destroyed (>50%),Other Minor Structure,95901,39.3228,-121.3959
Cascade,CANEU 026269,2017-10-08,Yuba,,Destroyed (>50%),Single Residence,95901,39.3229,-121.3948
Cascade,CANEU 026269,2017-10-08,Yuba,,Destroyed (>50%),Other Minor Structure,95901,39.3229,-121.3889
Cascade,CANEU 026269,2017-10-08,Yuba,,Destroyed (>50%),Other Minor Structure,95901,39.323,-121.3965
Cascade,CANEU 026269,2017-10-08,Yuba,,Destroyed (>50%),Single Residence,95901,39.3235,-121.3976
Cascade,CANEU 026269,2017-10-08,Yuba,,Destroyed (>50%),Other Minor Structure,95901,39.3236,-121.3906
Cascade,CANEU 026269,2017-10-08,Yuba,,Destroyed (>50%),Single Residence,95901,39.3238,-121.393
Cascade,CANEU 026269,2017-10-08,Yuba,,Destroyed (>50%),Single Residence,95901,39.3239,-121.3653
Cascade,CANEU 026269,2017-10-08,Yuba,,Destroyed (>50%),Single Residence,95901,39.324,-121.3907
Cascade,CANEU 026269,2017-10-08,Yuba,,Destroyed (>50%),Other Minor Structure,95901,39.324,-121.3654
Cascade,CANEU 026269,2017-10-08,Yuba,,Destroyed (>50%),Single Residence,95901,39.3243,-121.3651
Cascade,CANEU 026269,2017-10-08,Yuba,,Destroyed (>50%),Other Minor Structure,95901,39.3246,-121.3803
Cascade,CANEU 026269,2017-10-08,Yuba,,Destroyed (>50%),Other Minor Structure,95901,39.3248,-121.393
Cascade,CANEU 026269,2017-10-08,Yuba,,Destroyed (>50%),Single Residence,95901,39.3248,-121.3925
Cascade,CANEU 026269,2017-10-08,Yuba,,Destroyed (>50%),Single Residence,95901,39.3249,-121.4048
Cascade,CANEU 026269,2017-10-08,Yuba,,Destroyed (>50%),Other Minor Structure,95901,39.3249,-121.3923
Cascade,CANEU 026269,2017-10-08,Yuba,,Destroyed (>50%),Single Residence,95901,39.325,-121.4022
Cascade,CANEU 026269,2017-10-08,Yuba,,Destroyed (>50%),Other Minor Structure,95901,39.325,-121.3924
Cascade,CANEU 026269,2017-10-08,Yuba,,Destroyed (>50%),Single Residence,95901,39.3255,-121.3626
Cascade,CANEU 026269,2017-10-08,Yuba,,Destroyed (>50%),Single Residence,95901,39.3256,-121.3663
Cascade,CANEU 026269,2017-10-08,Yuba,,Destroyed (>50%),Single Residence,95901,39.3257,-121.388
Cascade,CANEU 026269,2017-10-08,Yuba,,Destroyed (>50%),Single Residence,95901,39.3258,-121.3915
Cascade,CANEU 026269,2017-10-08,Yuba,,Destroyed (>50%),Other Minor Structure,95901,39.3259,-121.3879
Cascade,CANEU 026269,2017-10-08,Yuba,,Destroyed (>50%),Other Minor Structure,95901,39.326,-121.3916
Cascade,CANEU 026269,2017-10-08,Yuba,,Destroyed (>50%),Single Residence,95901,39.3269,-121.4069
Cascade,CANEU 026269,2017-10-08,Yuba,,Destroyed (>50%),Single Residence,95901,39.327,-121.3925
Cascade,CANEU 026269,2017-10-08,Yuba,,Destroyed (>50%),Other Minor Structure,95901,39.3272,-121.3917
Cascade,CANEU 026269,2017-10-08,Yuba,,Destroyed (>50%),Single Residence,95901,39.3272,-121.3914
Cascade,CANEU 026269,2017-10-08,Yuba,,Destroyed (>50%),Other Minor Structure,95901,39.3273,-121.3928
Cascade,CANEU 026269,2017-10-08,Yuba,,Destroyed (>50%),Single Residence,95901,39.3279,-121.4067
Cascade,CANEU 026269,2017-10-08,Yuba,,Destroyed (>50%),Single Residence,95901,39.3279,-121.3972
Cascade,CANEU 026269,2017-10-08,Yuba,,Destroyed (>50%),Other Minor Structure,95901,39.328,-121.3971
Cascade,CANEU 026269,2017-10-08,Yuba,,Destroyed (>50%),Other Minor Structure,95901,39.3281,-121.4068
Cascade,CANEU 026269,2017-10-08,Yuba,,Destroyed (>50%),Single Residence,95901,39.3281,-121.3912
Cascade,CANEU 026269,2017-10-08,Yuba,,Destroyed (>50%),Other Minor Structure,95901,39.3283,-121.416
Cascade,CANEU 026269,2017-10-08,Yuba,,Destroyed (>50%),Other Minor Structure,95901,39.3284,-121.4057
Cascade,CANEU 026269,2017-10-08,Yuba,,Destroyed (>50%),Single Residence,95901,39.3285,-121.4162
Cascade,CANEU 026269,2017-10-08,Yuba,,Destroyed (>50%),Single Residence,95901,39.3286,-121.4056
Cascade,CANEU 026269,2017-10-08,Yuba,,Destroyed (>50%),Single Residence,95901,39.3288,-121.3776
Cascade,CANEU 026269,2017-10-08,Yuba,,Destroyed (>50%),Other Minor Structure,95901,39.329,-121.3823
Cascade,CANEU 026269,2017-10-08,Yuba,,Destroyed (>50%),Single Residence,95901,39.3293,-121.3961
Cascade,CANEU 026269,2017-10-08,Yuba,,Destroyed (>50%),Single Residence,95901,39.3294,-121.3987
Cascade,CANEU 026269,2017-10-08,Yuba,,Destroyed (>50%),Single Residence,95901,39.3295,-121.4056
Cascade,CANEU 026269,2017-10-08,Yuba,,Destroyed (>50%),Other Minor Structure,95901,39.3295,-121.3931
Cascade,CANEU 026269,2017-10-08,Yuba,,Destroyed (>50%),Other Minor Structure,95901,39.3298,-121.3591
Cascade,CANEU 026269,2017-10-08,Yuba,,Destroyed (>50%),Single Residence,95901,39.3298,-121.359
Cascade,CANEU 026269,2017-10-08,Yuba,,Destroyed (>50%),Single Residence,95901,39.33,-121.4031
Cascade,CANEU 026269,2017-10-08,Yuba,,Destroyed (>50%),Other Minor Structure,95901,39.3302,-121.4058
Cascade,CANEU 026269,2017-10-08,Yuba,,Destroyed (>50%),Single Residence,95901,39.3303,-121.4059
Cascade,CANEU 026269,2017-10-08,Yuba,,Destroyed (>50%),Single Residence,95901,39.3304,-121.4057
Cascade,CANEU 026269,2017-10-08,Yuba,,Destroyed (>50%),Other Minor Structure,95901,39.3304,-121.3652
Cascade,CANEU 026269,2017-10-08,Yuba,,Destroyed (>50%),Other Minor Structure,95901,39.3305,-121.4075
Cascade,CANEU 026269,2017-10-08,Yuba,,Destroyed (>50%),Single Residence,95901,39.3305,-121.4073
Cascade,CANEU 026269,2017-10-08,Yuba,,Destroyed (>50%),Single Residence,95901,39.3306,-121.3653
Cascade,CANEU 026269,2017-10-08,Yuba,,Destroyed (>50%),Other Minor Structure,95901,39.3307,-121.4035
Cascade,CANEU 026269,2017-10-08,Yuba,,Destroyed (>50%),Other Minor Structure,95901,39.3308,-121.3946
Cascade,CANEU 026269,2017-10-08,Yuba,,Destroyed (>50%),Single Residence,95901,39.3313,-121.4083
Cascade,CANEU 026269,2017-10-08,Yuba,,Destroyed (>50%),Single Residence,95901,39.3314,-121.3952
Cascade,CANEU 026269,2017-10-08,Yuba,,Destroyed (>50%),Single Residence,95901,39.3314,-121.3938
Cascade,CANEU 026269,2017-10-08,Yuba,,Destroyed (>50%),Other Minor Structure,95901,39.3315,-121.3953
Cascade,CANEU 026269,2017-10-08,Yuba,,Destroyed (>50%),Other Minor Structure,95901,39.3315,-121.3671
Cascade,CANEU 026269,2017-10-08,Yuba,,Destroyed (>50%),Single Residence,95901,39.3317,-121.3999
Cascade,CANEU 026269,2017-10-08,Yuba,,Destroyed (>50%),Single Residence,95901,39.3317,-121.3939
Cascade,CANEU 026269,2017-10-08,Yuba,,Destroyed (>50%),Single Residence,95901,39.3317,-121.3584
Cascade,CANEU 026269,2017-10-08,Yuba,,Destroyed (>50%),Single Residence,95901,39.3319,-121.3769
Cascade,CANEU 026269,2017-10-08,Yuba,,Destroyed (>50%),Single Residence,95901,39.332,-121.4072
Cascade,CANEU 026269,2017-10-08,Yuba,,Destroyed (>50%),Other Minor Structure,95901,39.3324,-121.3956
Cascade,CANEU 026269,2017-10-08,Yuba,,Destroyed (>50%),Single Residence,95901,39.3325,-121.3957
Cascade,CANEU 026269,2017-10-08,Yuba,,Destroyed (>50%),Single Residence,95901,39.3328,-121.3743
Cascade,CANEU 026269,2017-10-08,Yuba,,Destroyed (>50%),Other Minor Structure,95901,39.3329,-121.374
Cascade,CANEU 026269,2017-10-08,Yuba,,Destroyed (>50%),Other Minor Structure,95901,39.3329,-121.3739
Cascade,CANEU 026269,2017-10-08,Yuba,,Destroyed (>50%),Other Minor Structure,95901,39.3329,-121.3737
Cascade,CANEU 026269,2017-10-08,Yuba,,Destroyed (>50%),Other Minor Structure,95901,39.333,-121.394
Cascade,CANEU 026269,2017-10-08,Yuba,,Destroyed (>50%),Single Residence,95901,39.333,-121.3938
Cascade,CANEU 026269,2017-10-08,Yuba,,Destroyed (>50%),Other Minor Structure,95901,39.3331,-121.4054
Cascade,CANEU 026269,2017-10-08,Yuba,,Destroyed (>50%),Single Residence,95901,39.3332,-121.409
Cascade,CANEU 026269,2017-10-08,Yuba,,Destroyed (>50%),Single Residence,95901,39.3335,-121.3951
Cascade,CANEU 026269,2017-10-08,Yuba,,Destroyed (>50%),Other Minor Structure,95901,39.3336,-121.3952
Cascade,CANEU 026269,2017-10-08,Yuba,,Destroyed (>50%),Single Residence,95901,39.3337,-121.406
Cascade,CANEU 026269,2017-10-08,Yuba,,Destroyed (>50%),Single Residence,95901,39.3338,-121.4031
Cascade,CANEU 026269,2017-10-08,Yuba,,Destroyed (>50%),Single Residence,95901,39.3339,-121.4053
Cascade,CANEU 026269,2017-10-08,Yuba,,Destroyed (>50%),Single Residence,95901,39.334,-121.394
Cascade,CANEU 026269,2017-10-08,Yuba,,Destroyed (>50%),Other Minor Structure,95901,39.3341,-121.3794
Cascade,CANEU 026269,2017-10-08,Yuba,,Destroyed (>50%),Single Residence,95901,39.3345,-121.398
Cascade,CANEU 026269,2017-10-08,Yuba,,Destroyed (>50%),Single Residence,95901,39.3345,-121.3758
Cascade,CANEU 026269,2017-10-08,Yuba,,Destroyed (>50%),Other Minor Structure,95901,39.3347,-121.398
Cascade,CANEU 026269,2017-10-08,Yuba,,Destroyed (>50%),Other Minor Structure,95901,39.3348,-121.3926
Cascade,CANEU 026269,2017-10-08,Yuba,,Destroyed (>50%),Single Residence,95901,39.3351,-121.3925
Cascade,CANEU 026269,2017-10-08,Yuba,,Destroyed (>50%),Single Residence,95901,39.3353,-121.3997
Cascade,CANEU 026269,2017-10-08,Yuba,,Destroyed (>50%),Other Minor Structure,95901,39.3353,-121.3926
Cascade,CANEU 026269,2017-10-08,Yuba,,Destroyed (>50%),Other Minor Structure,95901,39.3354,-121.365
Cascade,CANEU 026269,2017-10-08,Yuba,,Destroyed (>50%),Other Minor Structure,95901,39.3355,-121.4028
Cascade,CANEU 026269,2017-10-08,Yuba,,Destroyed (>50%),Other Minor Structure,95901,39.3355,-121.365
Cascade,CANEU 026269,2017-10-08,Yuba,,Destroyed (>50%),Other Minor Structure,95901,39.3356,-121.3998
Cascade,CANEU 026269,2017-10-08,Yuba,,Destroyed (>50%),Other Minor Structure,95901,39.3356,-121.3934
Cascade,CANEU 026269,2017-10-08,Yuba,,Destroyed (>50%),Other Minor Structure,95901,39.3356,-121.369
Cascade,CANEU 026269,2017-10-08,Yuba,,Destroyed (>50%),Single Residence,95901,39.3357,-121.3691
Cascade,CANEU 026269,2017-10-08,Yuba,,Destroyed (>50%),Single Residence,95901,39.3359,-121.3983
Cascade,CANEU 026269,2017-10-08,Yuba,,Destroyed (>50%),Single Residence,95901,39.336,-121.3934
Cascade,CANEU 026269,2017-10-08,Yuba,,Destroyed (>50%),Other Minor Structure,95901,39.3361,-121.3985
Cascade,CANEU 026269,2017-10-08,Yuba,,Destroyed (>50%),Other Minor Structure,95901,39.3362,-121.3696
Cascade,CANEU 026269,2017-10-08,Yuba,,Destroyed (>50%),Single Residence,95901,39.3363,-121.3776
Cascade,CANEU 026269,2017-10-08,Yuba,,Destroyed (>50%),Single Residence,95901,39.3364,-121.3697
Cascade,CANEU 026269,2017-10-08,Yuba,,Destroyed (>50%),Other Minor Structure,95901,39.3365,-121.3661
Cascade,CANEU 026269,2017-10-08,Yuba,,Destroyed (>50%),Single Residence,95901,39.3367,-121.3659
Cascade,CANEU 026269,2017-10-08,Yuba,,Destroyed (>50%),Other Minor Structure,95901,39.3367,-121.3644
Cascade,CANEU 026269,2017-10-08,Yuba,,Destroyed (>50%),Other Minor Structure,95901,39.3368,-121.3643
Cascade,CANEU 026269,2017-10-08,Yuba,,Destroyed (>50%),Single Residence,95901,39.3369,-121.3959
Cascade,CANEU 026269,2017-10-08,Yuba,,Destroyed (>50%),Other Minor Structure,95901,39.3369,-121.3744
Cascade,CANEU 026269,2017-10-08,Yuba,,Destroyed (>50%),Single Residence,95901,39.337,-121.3763
Cascade,CANEU 026269,2017-10-08,Yuba,,Destroyed (>50%),Single Residence,95901,39.3371,-121.4103
Cascade,CANEU 026269,2017-10-08,Yuba,,Destroyed (>50%),Single Residence,95901,39.3371,-121.4024
Cascade,CANEU 026269,2017-10-08,Yuba,,Destroyed (>50%),Other Minor Structure,95901,39.3374,-121.3982
Cascade,CANEU 026269,2017-10-08,Yuba,,Destroyed (>50%),Other Minor Structure,95901,39.3374,-121.3982
Cascade,CANEU 026269,2017-10-08,Yuba,,Destroyed (>50%),Single Residence,95901,39.3375,-121.3986
Cascade,CANEU 026269,2017-10-08,Yuba,,Destroyed (>50%),Single Residence,95901,39.3376,-121.3999
Cascade,CANEU 026269,2017-10-08,Yuba,,Destroyed (>50%),Other Minor Structure,95901,39.3377,-121.3996
Cascade,CANEU 026269,2017-10-08,Yuba,,Destroyed (>50%),Single Residence,95901,39.3377,-121.3926
Cascade,CANEU 026269,2017-10-08,Yuba,,Destroyed (>50%),Other Minor Structure,95901,39.3377,-121.3922
Cascade,CANEU 026269,2017-10-08,Yuba,,Destroyed (>50%),Single Residence,95901,39.3381,-121.3757
Cascade,CANEU 026269,2017-10-08,Yuba,,Destroyed (>50%),Single Residence,95901,39.3385,-121.3791
Cascade,CANEU 026269,2017-10-08,Yuba,,Destroyed (>50%),Single Residence,95901,39.3388,-121.3771
Cascade,CANEU 026269,2017-10-08,Yuba,,Destroyed (>50%),Single Residence,95901,39.3394,-121.3777
Cascade,CANEU 026269,2017-10-08,Yuba,,Destroyed (>50%),Single Residence,95901,39.3394,-121.372
Cascade,CANEU 026269,2017-10-08,Yuba,,Destroyed (>50%),Single Residence,95901,39.3397,-121.3704
Cascade,CANEU 026269,2017-10-08,Yuba,,Destroyed (>50%),Other Minor Structure,95901,39.3397,-121.3702
Cascade,CANEU 026269,2017-10-08,Yuba,,Destroyed (>50%),Single Residence,95901,39.3399,-121.3774
Cascade,CANEU 026269,2017-10-08,Yuba,,Destroyed (>50%),Other Minor Structure,95901,39.3402,-121.3807
Cascade,CANEU 026269,2017-10-08,Yuba,,Destroyed (>50%),Other Minor Structure,95901,39.3402,-121.3787
Cascade,CANEU 026269,2017-10-08,Yuba,,Destroyed (>50%),Single Residence,95901,39.3402,-121.3785
Cascade,CANEU 026269,2017-10-08,Yuba,,Destroyed (>50%),Single Residence,95901,39.3403,-121.3809
Cascade,CANEU 026269,2017-10-08,Yuba,,Destroyed (>50%),Other Minor Structure,95901,39.3404,-121.3645
Cascade,CANEU 026269,2017-10-08,Yuba,,Destroyed (>50%),Other Minor Structure,95901,39.3406,-121.3739
Cascade,CANEU 026269,2017-10-08,Yuba,,Destroyed (>50%),Other Minor Structure,95901,39.3407,-121.3809
Cascade,CANEU 026269,2017-10-08,Yuba,,Destroyed (>50%),Other Minor Structure,95901,39.3413,-121.366
Cascade,CANEU 026269,2017-10-08,Yuba,,Destroyed (>50%),Single Residence,95901,39.3414,-121.3631
Cascade,CANEU 026269,2017-10-08,Yuba,,Destroyed (>50%),Single Residence,95901,39.3415,-121.3661
Cascade,CANEU 026269,2017-10-08,Yuba,,Destroyed (>50%),Single Residence,95901,39.3416,-121.3899
Cascade,CANEU 026269,2017-10-08,Yuba,,Destroyed (>50%),Other Minor Structure,95901,39.3417,-121.3798
Cascade,CANEU 026269,2017-10-08,Yuba,,Destroyed (>50%),Other Minor Structure,95901,39.3421,-121.3651
Cascade,CANEU 026269,2017-10-08,Yuba,,Destroyed (>50%),Other Minor Structure,95901,39.3422,-121.365
Cascade,CANEU 026269,2017-10-08,Yuba,,Destroyed (>50%),Other Minor Structure,95901,39.3425,-121.3741
Cascade,CANEU 026269,2017-10-08,Yuba,,Destroyed (>50%),Single Residence,95901,39.3431,-121.3782
Cascade,CANEU 026269,2017-10-08,Yuba,,Destroyed (>50%),Other Minor Structure,95901,39.3432,-121.3807
Cascade,CANEU 026269,2017-10-08,Yuba,,Destroyed (>50%),Single Residence,95901,39.3432,-121.3795
Cascade,CANEU 026269,2017-10-08,Yuba,,Destroyed (>50%),Other Minor Structure,95901,39.3433,-121.3767
Cascade,CANEU 026269,2017-10-08,Yuba,,Destroyed (>50%),Single Residence,95901,39.3434,-121.3807
Cascade,CANEU 026269,2017-10-08,Yuba,,Destroyed (>50%),Other Minor Structure,95901,39.3434,-121.3774
Cascade,CANEU 026269,2017-10-08,Yuba,,Destroyed (>50%),Other Minor Structure,95901,39.3434,-121.3767
Cascade,CANEU 026269,2017-10-08,Yuba,,Destroyed (>50%),Single Residence,95901,39.3435,-121.3764
Cascade,CANEU 026269,2017-10-08,Yuba,,Destroyed (>50%),Other Minor Structure,95901,39.3436,-121.3768
Cascade,CANEU 026269,2017-10-08,Yuba,,Destroyed (>50%),Other Minor Structure,95901,39.3479,-121.3646
Cascade,CANEU 026269,2017-10-08,Yuba,,Destroyed (>50%),Other Minor Structure,95901,39.3557,-121.3636
Cascade,CANEU 026269,2017-10-08,Yuba,,Destroyed (>50%),Single Residence,95901,39.3561,-121.3657
Cascade,CANEU 026269,2017-10-08,Yuba,,Destroyed (>50%),Single Residence,95901,39.3561,-121.3638
Cascade,CANEU 026269,2017-10-08,Yuba,,Destroyed (>50%),Other Minor Structure,95901,39.3564,-121.3658
Cascade,CANEU 026269,2017-10-08,Yuba,,Destroyed (>50%),Other Minor Structure,95901,39.3589,-121.3678
Cascade,CANEU 026269,2017-10-08,Yuba,,Major (25-50%),Single Residence,95901,39.3161,-121.376
Cascade,CANEU 026269,2017-10-08,Yuba,,Major (25-50%),Other Minor Structure,95901,39.3202,-121.3988
Cascade,CANEU 026269,2017-10-08,Yuba,,Major (25-50%),Other Minor Structure,95901,39.3432,-121.3769
Cascade,CANEU 026269,2017-10-08,Yuba,,Minor (10-25%),Other Minor Structure,95901,39.3011,-121.4096
Cascade,CANEU 026269,2017-10-08,Yuba,,Minor (10-25%),Other Minor Structure,95901,39.3162,-121.3762
Cascade,CANEU 026269,2017-10-08,Yuba,,Minor (10-25%),Other Minor Structure,95901,39.3337,-121.3707
Cascade,CANEU 026269,2017-10-08,Yuba,,Destroyed (>50%),Other Minor Structure,95918,39.324,-121.3524
Cascade,CANEU 026269,2017-10-08,Yuba,,Destroyed (>50%),Single Residence,95918,39.3244,-121.3525
Cascade,CANEU 026269,2017-10-08,Yuba,,Destroyed (>50%),Single Residence,95918,39.3263,-121.3438
Cascade,CANEU 026269,2017-10-08,Yuba,,Destroyed (>50%),Other Minor Structure,95918,39.3265,-121.3436
Cascade,CANEU 026269,2017-10-08,Yuba,,Destroyed (>50%),Single Residence,95918,39.3283,-121.3429
Cascade,CANEU 026269,2017-10-08,Yuba,,Destroyed (>50%),Single Residence,95918,39.336,-121.3323
Cascade,CANEU 026269,2017-10-08,Yuba,,Destroyed (>50%),Single Residence,95918,39.3612,-121.3314
Cascade,CANEU 026269,2017-10-08,Yuba,,Destroyed (>50%),Single Residence,95918,39.3616,-121.3355
Cascade,CANEU 026269,2017-10-08,Yuba,,Destroyed (>50%),Single Residence,95918,39.3617,-121.3353
Laporte,CANEU 026295,2017-10-09,Yuba,,Destroyed (>50%),Single Residence,95972,39.4068,-121.3583
Laporte,CANEU 026295,2017-10-09,Yuba,,Destroyed (>50%),Other Minor Structure,95972,39.4069,-121.3578
Lobo,CANEU 026295,2017-10-09,Nevada,,Destroyed (>50%),Other Minor Structure,95959,39.2483,-121.1323
Lobo,CANEU 026295,2017-10-09,Nevada,,Destroyed (>50%),Other Minor Structure,95959,39.2487,-121.1326
Lobo,CANEU 026295,2017-10-09,Nevada,,Destroyed (>50%),Other Minor Structure,95959,39.2491,-121.1298
Lobo,CANEU 026295,2017-10-09,Nevada,,Destroyed (>50%),Single Residence,95959,39.2494,-121.1298
Lobo,CANEU 026295,2017-10-09,Nevada,,Destroyed (>50%),Other Minor Structure,95959,39.25,-121.1316
Lobo,CANEU 026295,2017-10-09,Nevada,,Destroyed (>50%),Single Residence,95959,39.25,-121.1287
Lobo,CANEU 026295,2017-10-09,Nevada,,Destroyed (>50%),Other Minor Structure,95959,39.2504,-121.1313
Lobo,CANEU 026295,2017-10-09,Nevada,,Destroyed (>50%),Single Residence,95959,39.2505,-121.1316
Lobo,CANEU 026295,2017-10-09,Nevada,,Major (25-50%),Other Minor Structure,95959,39.2509,-121.1351
Lobo,CANEU 026295,2017-10-09,Nevada,,Minor (10-25%),Single Residence,95959,39.2504,-121.1313
Lobo,CANEU 026295,2017-10-09,Nevada,,Destroyed (>50%),Other Minor Structure,95975,39.2346,-121.1605
Lobo,CANEU 026295,2017-10-09,Nevada,,Destroyed (>50%),Single Residence,95975,39.2346,-121.1603
Lobo,CANEU 026295,2017-10-09,Nevada,,Destroyed (>50%),Other Minor Structure,95975,39.2346,-121.158
Lobo,CANEU 026295,2017-10-09,Nevada,,Destroyed (>50%),Other Minor Structure,95975,39.2346,-121.1579
Lobo,CANEU 026295,2017-10-09,Nevada,,Destroyed (>50%),Single Residence,95975,39.2348,-121.1578
Lobo,CANEU 026295,2017-10-09,Nevada,,Destroyed (>50%),Other Minor Structure,95975,39.2349,-121.1582
Lobo,CANEU 026295,2017-10-09,Nevada,,Destroyed (>50%),Single Residence,95975,39.2355,-121.1567
Lobo,CANEU 026295,2017-10-09,Nevada,,Destroyed (>50%),Other Minor Structure,95975,39.2363,-121.1599
Lobo,CANEU 026295,2017-10-09,Nevada,,Destroyed (>50%),Single Residence,95975,39.2367,-121.1619
Lobo,CANEU 026295,2017-10-09,Nevada,,Destroyed (>50%),Other Minor Structure,95975,39.2368,-121.1617
Lobo,CANEU 026295,2017-10-09,Nevada,,Destroyed (>50%),Single Residence,95975,39.2369,-121.1554
Lobo,CANEU 026295,2017-10-09,Nevada,,Destroyed (>50%),Single Residence,95975,39.2371,-121.1567
Lobo,CANEU 026295,2017-10-09,Nevada,,Destroyed (>50%),Other Minor Structure,95975,39.2371,-121.1559
Lobo,CANEU 026295,2017-10-09,Nevada,,Destroyed (>50%),Other Minor Structure,95975,39.2372,-121.1569
Lobo,CANEU 026295,2017-10-09,Nevada,,Destroyed (>50%),Other Minor Structure,95975,39.2372,-121.1553
Lobo,CANEU 026295,2017-10-09,Nevada,,Destroyed (>50%),Single Residence,95975,39.2375,-121.1577
Lobo,CANEU 026295,2017-10-09,Nevada,,Destroyed (>50%),Single Residence,95975,39.2377,-121.1584
Lobo,CANEU 026295,2017-10-09,Nevada,,Destroyed (>50%),Other Minor Structure,95975,39.2377,-121.1568
Lobo,CANEU 026295,2017-10-09,Nevada,,Destroyed (>50%),Other Minor Structure,95975,39.2378,-121.155
Lobo,CANEU 026295,2017-10-09,Nevada,,Destroyed (>50%),Other Minor Structure,95975,39.238,-121.1547
Lobo,CANEU 026295,2017-10-09,Nevada,,Destroyed (>50%),Single Residence,95975,39.2382,-121.1547
Lobo,CANEU 026295,2017-10-09,Nevada,,Destroyed (>50%),Other Minor Structure,95975,39.2382,-121.1503
Lobo,CANEU 026295,2017-10-09,Nevada,,Destroyed (>50%),Single Residence,95975,39.2384,-121.156
Lobo,CANEU 026295,2017-10-09,Nevada,,Destroyed (>50%),Other Minor Structure,95975,39.2385,-121.1533
Lobo,CANEU 026295,2017-10-09,Nevada,,Destroyed (>50%),Other Minor Structure,95975,39.2385,-121.1516
Lobo,CANEU 026295,2017-10-09,Nevada,,Destroyed (>50%),Single Residence,95975,39.2386,-121.1533
Lobo,CANEU 026295,2017-10-09,Nevada,,Destroyed (>50%),Single Residence,95975,39.2386,-121.1517
Lobo,CANEU 026295,2017-10-09,Nevada,,Destroyed (>50%),Single Residence,95975,39.2387,-121.1573
Lobo,CANEU 026295,2017-10-09,Nevada,,Destroyed (>50%),Other Minor Structure,95975,39.2387,-121.1571
Lobo,CANEU 026295,2017-10-09,Nevada,,Destroyed (>50%),Other Minor Structure,95975,39.2388,-121.1563
Lobo,CANEU 026295,2017-10-09,Nevada,,Destroyed (>50%),Single Residence,95975,39.2388,-121.1503
Lobo,CANEU 026295,2017-10-09,Nevada,,Destroyed (>50%),Single Residence,95975,39.2389,-121.1566
Lobo,CANEU 026295,2017-10-09,Nevada,,Destroyed (>50%),Other Minor Structure,95975,39.2389,-121.1503
Lobo,CANEU 026295,2017-10-09,Nevada,,Destroyed (>50%),Single Residence,95975,39.2392,-121.1532
Lobo,CANEU 026295,2017-10-09,Nevada,,Destroyed (>50%),Single Residence,95975,39.2402,-121.1474
Lobo,CANEU 026295,2017-10-09,Nevada,,Destroyed (>50%),Single Residence,95975,39.2403,-121.1523
Lobo,CANEU 026295,2017-10-09,Nevada,,Destroyed (>50%),Single Residence,95975,39.2406,-121.1407
Lobo,CANEU 026295,2017-10-09,Nevada,,Destroyed (>50%),Other Minor Structure,95975,39.2414,-121.1471
Lobo,CANEU 026295,2017-10-09,Nevada,,Destroyed (>50%),Single Residence,95975,39.2418,-121.1476
Lobo,CANEU 026295,2017-10-09,Nevada,,Destroyed (>50%),Single Residence,95975,39.2435,-121.1522
Lobo,CANEU 026295,2017-10-09,Nevada,,Minor (10-25%),Single Residence,95975,39.2371,-121.1547
McCourtney,CANEU 026295,2017-10-09,Nevada,,Destroyed (>50%),Single Residence,95949,39.1975,-121.0843
McCourtney,CANEU 026295,2017-10-09,Nevada,,Destroyed (>50%),Other Minor Structure,95949,39.1976,-121.0843
McCourtney,CANEU 026295,2017-10-09,Nevada,,Destroyed (>50%),Other Minor Structure,95949,39.1982,-121.0854
McCourtney,CANEU 026295,2017-10-09,Nevada,,Destroyed (>50%),Single Residence,95949,39.1992,-121.0839
McCourtney,CANEU 026295,2017-10-09,Nevada,,Destroyed (>50%),Other Minor Structure,95949,39.2008,-121.0846
McCourtney,CANEU 026295,2017-10-09,Nevada,,Destroyed (>50%),Single Residence,95949,39.2008,-121.0843
McCourtney,CANEU 026295,2017-10-09,Nevada,,Destroyed (>50%),Other Minor Structure,95949,39.2009,-121.0838
McCourtney,CANEU 026295,2017-10-09,Nevada,,Destroyed (>50%),Single Residence,95949,39.2016,-121.0832
McCourtney,CANEU 026295,2017-10-09,Nevada,,Destroyed (>50%),Other Minor Structure,95949,39.2016,-121.0832
McCourtney,CANEU 026295,2017-10-09,Nevada,,Destroyed (>50%),Other Minor Structure,95949,39.202,-121.0822
McCourtney,CANEU 026295,2017-10-09,Nevada,,Destroyed (>50%),Single Residence,95949,39.2022,-121.0828
McCourtney,CANEU 026295,2017-10-09,Nevada,,Destroyed (>50%),Other Minor Structure,95949,39.2023,-121.0808
McCourtney,CANEU 026295,2017-10-09,Nevada,,Destroyed (>50%),Single Residence,95949,39.2023,-121.0804
McCourtney,CANEU 026295,2017-10-09,Nevada,,Minor (10-25%),Single Residence,95949,39.2022,-121.0824
Ridge,CANEU 015440,2018-06-30,Placer,,Affected (>0-10%),Single Residence,95663,38.8679,-121.1624
Nicolaus,CANEU 015512,2018-07-01,Placer,,Affected (>0-10%),Single Residence,95648,38.8966,-121.4018
Jones,CANEU 019231,2020-08-17,Nevada,,Destroyed (>50%),Nonresidential Commercial,95959,39.2635,-121.1044
Jones,CANEU 019231,2020-08-17,Nevada,,Destroyed (>50%),Other Minor Structure,95959,39.2678,-121.1042
Jones,CANEU 019231,2020-08-17,Nevada,,Destroyed (>50%),Single Residence,95959,39.2696,-121.1037
Jones,CANEU 019231,2020-08-17,Nevada,,Destroyed (>50%),Single Residence,95959,39.2696,-121.1036
Jones,CANEU 019231,2020-08-17,Nevada,,Destroyed (>50%),Single Residence,95959,39.27,-121.1037
Jones,CANEU 019231,2020-08-17,Nevada,,Destroyed (>50%),Single Residence,95959,39.27,-121.1037
Jones,CANEU 019231,2020-08-17,Nevada,,Destroyed (>50%),Other Minor Structure,95959,39.27,-121.1033
Jones,CANEU 019231,2020-08-17,Nevada,,Destroyed (>50%),Single Residence,95959,39.2701,-121.1034
Jones,CANEU 019231,2020-08-17,Nevada,,Destroyed (>50%),Single Residence,95959,39.2701,-121.1025
Jones,CANEU 019231,2020-08-17,Nevada,,Destroyed (>50%),Single Residence,95959,39.2707,-121.1032
Jones,CANEU 019231,2020-08-17,Nevada,,Destroyed (>50%),Single Residence,95959,39.2711,-121.1055
Jones,CANEU 019231,2020-08-17,Nevada,,Destroyed (>50%),Single Residence,95959,39.273,-121.1074
Jones,CANEU 019231,2020-08-17,Nevada,,Destroyed (>50%),Single Residence,95959,39.2739,-121.1053
Jones,CANEU 019231,2020-08-17,Nevada,,Destroyed (>50%),Other Minor Structure,95959,39.2746,-121.1038
Jones,CANEU 019231,2020-08-17,Nevada,,Destroyed (>50%),Single Residence,95959,39.2749,-121.1059
Jones,CANEU 019231,2020-08-17,Nevada,,Destroyed (>50%),Single Residence,95959,39.2751,-121.1079
Jones,CANEU 019231,2020-08-17,Nevada,,Destroyed (>50%),Single Residence,95959,39.279,-121.1024
Jones,CANEU 019231,2020-08-17,Nevada,,Minor (10-25%),Single Residence,95959,39.2702,-121.1017
Jones,CANEU 019231,2020-08-17,Nevada,,Minor (10-25%),Single Residence,95959,39.2738,-121.1068
Jones,CANEU 019231,2020-08-17,Nevada,,Minor (10-25%),Single Residence,95959,39.2751,-121.1079
Willow,CANEU 020628,2020-09-01,Yuba,,Affected (>0-10%),Single Residence,95918,39.3722,-121.3236
Willow,CANEU 020628,2020-09-01,Yuba,,Affected (>0-10%),Single Residence,95918,39.3726,-121.3318
Willow,CANEU 020628,2020-09-01,Yuba,,Affected (>0-10%),Other Minor Structure,95918,39.379,-121.3231
Willow,CANEU 020628,2020-09-01,Yuba,,Destroyed (>50%),Single Residence,95918,39.371,-121.3227
Willow,CANEU 020628,2020-09-01,Yuba,,Destroyed (>50%),Single Residence,95918,39.373,-121.3264
Willow,CANEU 020628,2020-09-01,Yuba,,Destroyed (>50%),Nonresidential Commercial,95918,39.3743,-121.337
Willow,CANEU 020628,2020-09-01,Yuba,,Destroyed (>50%),Single Residence,95918,39.3753,-121.3374
Willow,CANEU 020628,2020-09-01,Yuba,,Destroyed (>50%),Single Residence,95918,39.3754,-121.3375
Willow,CANEU 020628,2020-09-01,Yuba,,Destroyed (>50%),Single Residence,95918,39.376,-121.3267
Willow,CANEU 020628,2020-09-01,Yuba,,Destroyed (>50%),Single Residence,95918,39.3764,-121.3311
Willow,CANEU 020628,2020-09-01,Yuba,,Destroyed (>50%),Nonresidential Commercial,95918,39.3776,-121.3289
Willow,CANEU 020628,2020-09-01,Yuba,,Destroyed (>50%),Single Residence,95918,39.381,-121.3285
Willow,CANEU 020628,2020-09-01,Yuba,,Destroyed (>50%),Other Minor Structure,95918,39.3816,-121.3272
Willow,CANEU 020628,2020-09-01,Yuba,,Affected (>0-10%),Single Residence,95962,39.3746,-121.3139
Willow,CANEU 020628,2020-09-01,Yuba,,Affected (>0-10%),Single Residence,95962,39.3784,-121.3131
Willow,CANEU 020628,2020-09-01,Yuba,,Destroyed (>50%),Single Residence,95962,39.3795,-121.3132
Intanko,CANEU 014434,2021-06-08,Yuba,95692,Destroyed (>50%),Single Residence,95692,39.0865,-121.3239
Intanko,CANEU 014434,2021-06-08,Yuba,95692,Destroyed (>50%),Other Minor Structure,95692,39.087,-121.3236
River,CANEU 020628,2021-08-04,Placer,95713,Affected (>0-10%),Other Minor Structure,95713,39.1141,-120.9679
River,CANEU 020628,2021-08-04,Placer,95713,Affected (>0-10%),Single Residence,95713,39.1156,-120.9663
River,CANEU 020628,2021-08-04,Placer,95713,Affected (>0-10%),Other Minor Structure,95713,39.116,-120.9685
River,CANEU 020628,2021-08-04,Placer,95713,Affected (>0-10%),Single Residence,95713,39.1173,-120.9694
River,CANEU 020628,2021-08-04,Placer,95713,Affected (>0-10%),Other Minor Structure,95713,39.1243,-120.9647
River,CANEU 020628,2021-08-04,Placer,96161,Destroyed (>50%),Single Residence,95713,39.0879,-120.9852
River,CANEU 020628,2021-08-04,Placer,96161,Destroyed (>50%),Single Residence,95713,39.0884,-120.9843
River,CANEU 020628,2021-08-04,Placer,96161,Destroyed (>50%),Single Residence,95713,39.0885,-120.9842
River,CANEU 020628,2021-08-04,Placer,95713,Destroyed (>50%),Other Minor Structure,95713,39.0905,-120.9843
River,CANEU 020628,2021-08-04,Placer,95713,Destroyed (>50%),Single Residence,95713,39.0906,-120.9843
River,CANEU 020628,2021-08-04,Placer,95713,Destroyed (>50%),Single Residence,95713,39.0916,-120.9831
River,CANEU 020628,2021-08-04,Placer,95713,Destroyed (>50%),Single Residence,95713,39.0929,-120.9818
River,CANEU 020628,2021-08-04,Placer,95713,Destroyed (>50%),Single Residence,95713,39.0936,-120.9814
River,CANEU 020628,2021-08-04,Placer,95713,Destroyed (>50%),Single Residence,95713,39.0938,-120.9813
River,CANEU 020628,2021-08-04,Placer,95713,Destroyed (>50%),Single Residence,95713,39.0963,-120.9812
River,CANEU 020628,2021-08-04,Placer,95713,Destroyed (>50%),Other Minor Structure,95713,39.0965,-120.9812
River,CANEU 020628,2021-08-04,Placer,95713,Destroyed (>50%),Single Residence,95713,39.1007,-120.9812
River,CANEU 020628,2021-08-04,Placer,95713,Destroyed (>50%),Other Minor Structure,95713,39.1008,-120.9805
River,CANEU 020628,2021-08-04,Placer,95713,Destroyed (>50%),Single Residence,95713,39.101,-120.9805
River,CANEU 020628,2021-08-04,Placer,95713,Destroyed (>50%),Single Residence,95713,39.1019,-120.978
River,CANEU 020628,2021-08-04,Placer,95713,Destroyed (>50%),Single Residence,95713,39.1025,-120.9783
River,CANEU 020628,2021-08-04,Placer,95713,Destroyed (>50%),Single Residence,95713,39.1051,-120.9797
River,CANEU 020628,2021-08-04,Placer,95713,Destroyed (>50%),Single Residence,95713,39.1072,-120.9739
River,CANEU 020628,2021-08-04,Placer,95713,Destroyed (>50%),Single Residence,95713,39.108,-120.9733
River,CANEU 020628,2021-08-04,Placer,95713,Destroyed (>50%),Other Minor Structure,95713,39.1084,-120.9732
River,CANEU 020628,2021-08-04,Placer,95713,Destroyed (>50%),Single Residence,95713,39.1087,-120.9731
River,CANEU 020628,2021-08-04,Placer,95713,Destroyed (>50%),Other Minor Structure,95713,39.1088,-120.9735
River,CANEU 020628,2021-08-04,Placer,95713,Destroyed (>50%),Single Residence,95713,39.1089,-120.9736
River,CANEU 020628,2021-08-04,Placer,95713,Destroyed (>50%),Single Residence,95713,39.1129,-120.9701
River,CANEU 020628,2021-08-04,Placer,95713,Destroyed (>50%),Single Residence,95713,39.1137,-120.9693
River,CANEU 020628,2021-08-04,Placer,95713,Destroyed (>50%),Single Residence,95713,39.1138,-120.9706
River,CANEU 020628,2021-08-04,Placer,95713,Destroyed (>50%),Single Residence,95713,39.1138,-120.9687
River,CANEU 020628,2021-08-04,Placer,95713,Destroyed (>50%),Other Minor Structure,95713,39.1139,-120.9676
River,CANEU 020628,2021-08-04,Placer,95713,Destroyed (>50%),Single Residence,95713,39.114,-120.9713
River,CANEU 020628,2021-08-04,Placer,95713,Destroyed (>50%),Single Residence,95713,39.114,-120.9698
River,CANEU 020628,2021-08-04,Placer,95713,Destroyed (>50%),Single Residence,95713,39.1146,-120.9718
River,CANEU 020628,2021-08-04,Placer,95713,Destroyed (>50%),Other Minor Structure,95713,39.1146,-120.9714
River,CANEU 020628,2021-08-04,Placer,95713,Destroyed (>50%),Single Residence,95713,39.1146,-120.9685
River,CANEU 020628,2021-08-04,Placer,95713,Destroyed (>50%),Single Residence,95713,39.1147,-120.9676
River,CANEU 020628,2021-08-04,Placer,95713,Destroyed (>50%),Single Residence,95713,39.115,-120.9708
River,CANEU 020628,2021-08-04,Placer,95713,Destroyed (>50%),Single Residence,95713,39.115,-120.9683
River,CANEU 020628,2021-08-04,Placer,95713,Destroyed (>50%),Single Residence,95713,39.1151,-120.9715
River,CANEU 020628,2021-08-04,Placer,95713,Destroyed (>50%),Other Minor Structure,95713,39.1152,-120.9709
River,CANEU 020628,2021-08-04,Placer,95713,Destroyed (>50%),Single Residence,95713,39.1155,-120.9677
River,CANEU 020628,2021-08-04,Placer,95713,Destroyed (>50%),Single Residence,95713,39.1167,-120.9675
River,CANEU 020628,2021-08-04,Placer,95713,Destroyed (>50%),Single Residence,95713,39.1168,-120.9708
River,CANEU 020628,2021-08-04,Placer,95713,Destroyed (>50%),Single Residence,95713,39.1168,-120.9672
River,CANEU 020628,2021-08-04,Placer,95713,Destroyed (>50%),Other Minor Structure,95713,39.1171,-120.9711
River,CANEU 020628,2021-08-04,Placer,95713,Destroyed (>50%),Single Residence,95713,39.1172,-120.9707
River,CANEU 020628,2021-08-04,Placer,95713,Destroyed (>50%),Other Minor Structure,95713,39.1173,-120.9712
River,CANEU 020628,2021-08-04,Placer,95713,Destroyed (>50%),Single Residence,95713,39.1178,-120.9675
River,CANEU 020628,2021-08-04,Placer,95713,Destroyed (>50%),Single Residence,95713,39.1181,-120.9663
River,CANEU 020628,2021-08-04,Placer,95713,Destroyed (>50%),Single Residence,95713,39.1182,-120.9706
River,CANEU 020628,2021-08-04,Placer,95713,Destroyed (>50%),Other Minor Structure,95713,39.1183,-120.9661
River,CANEU 020628,2021-08-04,Placer,95713,Destroyed (>50%),Single Residence,95713,39.1188,-120.9696
River,CANEU 020628,2021-08-04,Placer,95713,Destroyed (>50%),Single Residence,95713,39.1189,-120.9661
River,CANEU 020628,2021-08-04,Placer,95713,Destroyed (>50%),Single Residence,95713,39.119,-120.9642
River,CANEU 020628,2021-08-04,Placer,95713,Destroyed (>50%),Single Residence,95713,39.1198,-120.9686
River,CANEU 020628,2021-08-04,Placer,95713,Destroyed (>50%),Single Residence,95713,39.1199,-120.967
River,CANEU 020628,2021-08-04,Placer,95713,Destroyed (>50%),Single Residence,95713,39.1203,-120.9666
River,CANEU 020628,2021-08-04,Placer,95713,Destroyed (>50%),Other Minor Structure,95713,39.1203,-120.9639
River,CANEU 020628,2021-08-04,Placer,95713,Destroyed (>50%),Other Minor Structure,95713,39.1205,-120.964
River,CANEU 020628,2021-08-04,Placer,95713,Destroyed (>50%),Single Residence,95713,39.1206,-120.9642
River,CANEU 020628,2021-08-04,Placer,95713,Destroyed (>50%),Other Minor Structure,95713,39.1212,-120.9661
River,CANEU 020628,2021-08-04,Placer,95713,Destroyed (>50%),Single Residence,95713,39.1213,-120.9645
River,CANEU 020628,2021-08-04,Placer,95713,Destroyed (>50%),Single Residence,95713,39.1214,-120.966
River,CANEU 020628,2021-08-04,Placer,95713,Destroyed (>50%),Single Residence,95713,39.1244,-120.9653
River,CANEU 020628,2021-08-04,Placer,95713,Major (25-50%),Single Residence,95713,39.104,-120.9772
River,CANEU 020628,2021-08-04,Placer,95713,Minor (10-25%),Other Minor Structure,95713,39.1052,-120.9794
River,CANEU 020628,2021-08-04,Placer,95713,Minor (10-25%),Other Minor Structure,95713,39.1141,-120.968
River,CANEU 020628,2021-08-04,Nevada,95945,Affected (>0-10%),Single Residence,95945,39.1242,-120.9732
River,CANEU 020628,2021-08-04,Nevada,95945,Affected (>0-10%),Single Residence,95945,39.1312,-120.9849
River,CANEU 020628,2021-08-04,Nevada,95949,Affected (>0-10%),Single Residence,95945,39.1329,-120.9848
River,CANEU 020628,2021-08-04,Nevada,95945,Affected (>0-10%),Single Residence,95945,39.1338,-120.9715
River,CANEU 020628,2021-08-04,Nevada,95945,Affected (>0-10%),Other Minor Structure,95945,39.1369,-120.969
River,CANEU 020628,2021-08-04,Nevada,95945,Affected (>0-10%),Single Residence,95945,39.1392,-120.9681
River,CANEU 020628,2021-08-04,Nevada,95945,Affected (>0-10%),Other Minor Structure,95945,39.1411,-120.9754
River,CANEU 020628,2021-08-04,Nevada,95945,Affected (>0-10%),Single Residence,95945,39.1416,-120.9706
River,CANEU 020628,2021-08-04,Nevada,95949,Destroyed (>50%),Single Residence,95945,39.1224,-120.9823
River,CANEU 020628,2021-08-04,Nevada,95949,Destroyed (>50%),Single Residence,95945,39.1254,-120.9854
River,CANEU 020628,2021-08-04,Nevada,95949,Destroyed (>50%),Single Residence,95945,39.1263,-120.984
River,CANEU 020628,2021-08-04,Nevada,95949,Destroyed (>50%),Other Minor Structure,95945,39.1273,-120.9823
River,CANEU 020628,2021-08-04,Nevada,95945,Destroyed (>50%),Other Minor Structure,95945,39.1286,-120.9766
River,CANEU 020628,2021-08-04,Nevada,95945,Destroyed (>50%),Single Residence,95945,39.1289,-120.9749
River,CANEU 020628,2021-08-04,Nevada,95945,Destroyed (>50%),Other Minor Structure,95945,39.1291,-120.9752
River,CANEU 020628,2021-08-04,Nevada,95945,Destroyed (>50%),Other Minor Structure,95945,39.1292,-120.9751
River,CANEU 020628,2021-08-04,Nevada,95945,Destroyed (>50%),Single Residence,95945,39.1298,-120.9764
River,CANEU 020628,2021-08-04,Nevada,95945,Destroyed (>50%),Single Residence,95945,39.1298,-120.9743
River,CANEU 020628,2021-08-04,Nevada,95949,Destroyed (>50%),Other Minor Structure,95945,39.13,-120.9848
River,CANEU 020628,2021-08-04,Nevada,95945,Destroyed (>50%),Single Residence,95945,39.13,-120.9742
River,CANEU 020628,2021-08-04,Nevada,95949,Destroyed (>50%),Other Minor Structure,95945,39.1302,-120.9843
River,CANEU 020628,2021-08-04,Nevada,95945,Destroyed (>50%),Single Residence,95945,39.1307,-120.9759
River,CANEU 020628,2021-08-04,Nevada,95945,Destroyed (>50%),Other Minor Structure,95945,39.1308,-120.9726
River,CANEU 020628,2021-08-04,Nevada,95945,Destroyed (>50%),Single Residence,95945,39.131,-120.9733
River,CANEU 020628,2021-08-04,Nevada,95945,Destroyed (>50%),Single Residence,95945,39.1311,-120.9803
River,CANEU 020628,2021-08-04,Nevada,95945,Destroyed (>50%),Single Residence,95945,39.1315,-120.9668
River,CANEU 020628,2021-08-04,Nevada,95945,Destroyed (>50%),Other Minor Structure,95945,39.1326,-120.9717
River,CANEU 020628,2021-08-04,Nevada,95945,Destroyed (>50%),Single Residence,95945,39.1327,-120.9713
River,CANEU 020628,2021-08-04,Nevada,95945,Destroyed (>50%),Single Residence,95945,39.1328,-120.9764
River,CANEU 020628,2021-08-04,Nevada,95945,Destroyed (>50%),Other Minor Structure,95945,39.1331,-120.9758
River,CANEU 020628,2021-08-04,Nevada,95949,Destroyed (>50%),Other Minor Structure,95945,39.1333,-120.9817
River,CANEU 020628,2021-08-04,Nevada,95945,Destroyed (>50%),Single Residence,95945,39.1334,-120.9759
River,CANEU 020628,2021-08-04,Nevada,95945,Destroyed (>50%),Single Residence,95945,39.1335,-120.9726
River,CANEU 020628,2021-08-04,Nevada,95945,Destroyed (>50%),Other Minor Structure,95945,39.1335,-120.9711
River,CANEU 020628,2021-08-04,Nevada,95945,Destroyed (>50%),Single Residence,95945,39.1337,-120.975
River,CANEU 020628,2021-08-04,Nevada,95945,Destroyed (>50%),Other Minor Structure,95945,39.1339,-120.9722
River,CANEU 020628,2021-08-04,Nevada,95945,Destroyed (>50%),Other Minor Structure,95945,39.1341,-120.9726
River,CANEU 020628,2021-08-04,Nevada,95945,Destroyed (>50%),Single Residence,95945,39.1343,-120.9746
River,CANEU 020628,2021-08-04,Nevada,95945,Destroyed (>50%),Single Residence,95945,39.1348,-120.9793
River,CANEU 020628,2021-08-04,Nevada,95945,Destroyed (>50%),Single Residence,95945,39.135,-120.9749
River,CANEU 020628,2021-08-04,Nevada,95945,Destroyed (>50%),Single Residence,95945,39.135,-120.9748
River,CANEU 020628,2021-08-04,Nevada,95945,Destroyed (>50%),Other Minor Structure,95945,39.1354,-120.9748
River,CANEU 020628,2021-08-04,Nevada,95945,Destroyed (>50%),Single Residence,95945,39.1357,-120.9739
River,CANEU 020628,2021-08-04,Nevada,95945,Destroyed (>50%),Other Minor Structure,95945,39.1365,-120.9808
River,CANEU 020628,2021-08-04,Nevada,95945,Destroyed (>50%),Other Minor Structure,95945,39.1371,-120.9775
River,CANEU 020628,2021-08-04,Nevada,95945,Destroyed (>50%),Single Residence,95945,39.1374,-120.9774
River,CANEU 020628,2021-08-04,Nevada,95945,Destroyed (>50%),Single Residence,95945,39.1375,-120.9787
River,CANEU 020628,2021-08-04,Nevada,95945,Destroyed (>50%),Other Minor Structure,95945,39.1377,-120.9788
River,CANEU 020628,2021-08-04,Nevada,95945,Destroyed (>50%),Single Residence,95945,39.1377,-120.9787
River,CANEU 020628,2021-08-04,Nevada,95945,Destroyed (>50%),Single Residence,95945,39.1382,-120.9695
River,CANEU 020628,2021-08-04,Nevada,95945,Destroyed (>50%),Other Minor Structure,95945,39.1382,-120.9695
River,CANEU 020628,2021-08-04,Nevada,95945,Destroyed (>50%),Other Minor Structure,95945,39.1387,-120.9786
River,CANEU 020628,2021-08-04,Nevada,95945,Destroyed (>50%),Single Residence,95945,39.1389,-120.9783
River,CANEU 020628,2021-08-04,Nevada,95945,Destroyed (>50%),Single Residence,95945,39.1389,-120.9698
River,CANEU 020628,2021-08-04,Nevada,95945,Destroyed (>50%),Other Minor Structure,95945,39.1411,-120.9746
River,CANEU 020628,2021-08-04,Nevada,95945,Destroyed (>50%),Other Minor Structure,95945,39.1415,-120.9753
River,CANEU 020628,2021-08-04,Nevada,95945,Destroyed (>50%),Single Residence,95945,39.1425,-120.9698
River,CANEU 020628,2021-08-04,Nevada,95945,Destroyed (>50%),Single Residence,95945,39.1426,-120.9729
River,CANEU 020628,2021-08-04,Nevada,95945,Destroyed (>50%),Single Residence,95945,39.1426,-120.9683
River,CANEU 020628,2021-08-04,Nevada,95945,Destroyed (>50%),Single Residence,95945,39.1431,-120.9736
River,CANEU 020628,2021-08-04,Nevada,95945,Destroyed (>50%),Single Residence,95945,39.1437,-120.9741
River,CANEU 020628,2021-08-04,Nevada,95945,Destroyed (>50%),Single Residence,95945,39.1439,-120.9742
River,CANEU 020628,2021-08-04,Nevada,95945,Destroyed (>50%),Single Residence,95945,39.1441,-120.9748
River,CANEU 020628,2021-08-04,Nevada,95945,Destroyed (>50%),Single Residence,95945,39.1447,-120.9747
River,CANEU 020628,2021-08-04,Nevada,95945,Destroyed (>50%),Single Residence,95945,39.1448,-120.9741
River,CANEU 020628,2021-08-04,Nevada,95945,Destroyed (>50%),Nonresidential Commercial,95945,39.1465,-120.9731
River,CANEU 020628,2021-08-04,Nevada,95945,Destroyed (>50%),Single Residence,95945,39.1467,-120.9731
River,CANEU 020628,2021-08-04,Nevada,95945,Destroyed (>50%),Single Residence,95945,39.1467,-120.9728
River,CANEU 020628,2021-08-04,Nevada,95945,Destroyed (>50%),Other Minor Structure,95945,39.1468,-120.9719
River,CANEU 020628,2021-08-04,Nevada,95945,Inaccessible,Single Residence,95945,39.1397,-120.9812
River,CANEU 020628,2021-08-04,Nevada,95945,Major (25-50%),Other Minor Structure,95945,39.1336,-120.9711
River,CANEU 020628,2021-08-04,Nevada,95945,Major (25-50%),Other Minor Structure,95945,39.1468,-120.9718
River,CANEU 020628,2021-08-04,Nevada,95945,Minor (10-25%),Single Residence,95945,39.1382,-120.9697
River,CANEU 020628,2021-08-04,Nevada,95949,Affected (>0-10%),Single Residence,95949,39.116,-120.9939
River,CANEU 020628,2021-08-04,Nevada,95949,Affected (>0-10%),Single Residence,95949,39.1234,-120.988
River,CANEU 020628,2021-08-04,Nevada,95949,Destroyed (>50%),Single Residence,95949,39.0874,-120.9895
River,CANEU 020628,2021-08-04,Nevada,95949,Destroyed (>50%),Single Residence,95949,39.0892,-120.9904
River,CANEU 020628,2021-08-04,Nevada,95949,Destroyed (>50%),Single Residence,95949,39.0897,-120.9886
River,CANEU 020628,2021-08-04,Nevada,95949,Destroyed (>50%),Single Residence,95949,39.0978,-120.9891
River,CANEU 020628,2021-08-04,Nevada,95949,Destroyed (>50%),Single Residence,95949,39.1006,-120.9891
River,CANEU 020628,2021-08-04,Nevada,95949,Destroyed (>50%),Single Residence,95949,39.1121,-120.9849
River,CANEU 020628,2021-08-04,Nevada,95949,Destroyed (>50%),Single Residence,95949,39.1122,-120.979
River,CANEU 020628,2021-08-04,Nevada,95949,Destroyed (>50%),Single Residence,95949,39.1137,-120.9784
River,CANEU 020628,2021-08-04,Nevada,95949,Destroyed (>50%),Single Residence,95949,39.1142,-120.9943
River,CANEU 020628,2021-08-04,Nevada,95949,Destroyed (>50%),Single Residence,95949,39.1152,-120.9947
River,CANEU 020628,2021-08-04,Nevada,95949,Destroyed (>50%),Single Residence,95949,39.1161,-120.9898
River,CANEU 020628,2021-08-04,Nevada,95949,Destroyed (>50%),Other Minor Structure,95949,39.1166,-120.9903
River,CANEU 020628,2021-08-04,Nevada,95949,Destroyed (>50%),Single Residence,95949,39.1174,-120.9906
River,CANEU 020628,2021-08-04,Nevada,95949,Destroyed (>50%),Other Minor Structure,95949,39.1202,-120.991
River,CANEU 020628,2021-08-04,Nevada,95949,Destroyed (>50%),Single Residence,95949,39.1218,-120.9876
River,CANEU 020628,2021-08-04,Nevada,95949,Destroyed (>50%),Other Minor Structure,95949,39.122,-120.9876
River,CANEU 020628,2021-08-04,Nevada,95949,Destroyed (>50%),Single Residence,95949,39.1222,-120.9869
River,CANEU 020628,2021-08-04,Nevada,95949,Destroyed (>50%),Single Residence,95949,39.125,-120.9905
River,CANEU 020628,2021-08-04,Nevada,95949,Destroyed (>50%),Single Residence,95949,39.1265,-120.9897
Rices,CANEU 017228,2022-06-28,Nevada,95960,Destroyed (>50%),Single Residence,95960,39.3158,-121.19
Rices,CANEU 017228,2022-06-28,Nevada,95960,Destroyed (>50%),Single Residence,95960,39.3163,-121.1835
Rices,CANEU 017228,2022-06-28,Nevada,95960,Destroyed (>50%),Single Residence,95960,39.3199,-121.1805
Rices,CANEU 017228,2022-06-28,Nevada,95960,Destroyed (>50%),Single Residence,95960,39.3246,-121.1744
Winding,CANEU 019406,2022-07-18,Yuba,95962,Destroyed (>50%),Single Residence,95962,39.3132,-121.2756
Winding,CANEU 019406,2022-07-18,Yuba,95962,Destroyed (>50%),Single Residence,95962,39.3172,-121.2784
Winding,CANEU 019406,2022-07-18,Yuba,95962,Destroyed (>50%),Single Residence,95962,39.3213,-121.2767
Winding,CANEU 019406,2022-07-18,Yuba,95962,Destroyed (>50%),Single Residence,95962,39.3229,-121.2754
Winding,CANEU 019406,2022-07-18,Yuba,95962,Major (25-50%),Single Residence,95962,39.3192,-121.2759
Winding,CANEU 019406,2022-07-18,Yuba,95962,Minor (10-25%),Single Residence,95962,39.3219,-121.2753
Still,CANEU 023631,2022-08-27,Nevada,95949,Destroyed (>50%),Single Residence,95949,39.0575,-121.119
Mosquito,CATNF 001371,2022-09-06,Placer,95631,Affected (>0-10%),Other Minor Structure,95631,39.0045,-120.8454
Mosquito,CATNF 001371,2022-09-06,Placer,95631,Affected (>0-10%),Other Minor Structure,95631,39.0057,-120.7318
Mosquito,CATNF 001371,2022-09-06,Placer,95631,Affected (>0-10%),Other Minor Structure,95631,39.0067,-120.7606
Mosquito,CATNF 001371,2022-09-06,Placer,95631,Affected (>0-10%),Single Residence,95631,39.0168,-120.818
Mosquito,CATNF 001371,2022-09-06,Placer,95631,Affected (>0-10%),Single Residence,95631,39.0183,-120.8261
Mosquito,CATNF 001371,2022-09-06,Placer,95631,Affected (>0-10%),Single Residence,95631,39.0281,-120.7537
Mosquito,CATNF 001371,2022-09-06,Placer,95631,Affected (>0-10%),Other Minor Structure,95631,39.0403,-120.7358
Mosquito,CATNF 001371,2022-09-06,Placer,,Destroyed (>50%),Single Residence,95631,39.0142,-120.8185
Mosquito,CATNF 001371,2022-09-06,Placer,95631,Destroyed (>50%),Single Residence,95631,39.0152,-120.8252
Mosquito,CATNF 001371,2022-09-06,Placer,95631,Destroyed (>50%),Other Minor Structure,95631,39.0153,-120.8111
Mosquito,CATNF 001371,2022-09-06,Placer,95631,Destroyed (>50%),Single Residence,95631,39.0154,-120.8341
Mosquito,CATNF 001371,2022-09-06,Placer,95631,Destroyed (>50%),Other Minor Structure,95631,39.0156,-120.8252
Mosquito,CATNF 001371,2022-09-06,Placer,95631,Destroyed (>50%),Single Residence,95631,39.0159,-120.8099
Mosquito,CATNF 001371,2022-09-06,Placer,95631,Destroyed (>50%),Single Residence,95631,39.0162,-120.817
Mosquito,CATNF 001371,2022-09-06,Placer,95631,Destroyed (>50%),Other Minor Structure,95631,39.0163,-120.8284
Mosquito,CATNF 001371,2022-09-06,Placer,95631,Destroyed (>50%),Single Residence,95631,39.0185,-120.8248
Mosquito,CATNF 001371,2022-09-06,Placer,95631,Destroyed (>50%),Single Residence,95631,39.019,-120.8168
Mosquito,CATNF 001371,2022-09-06,Placer,95631,Destroyed (>50%),Other Minor Structure,95631,39.0283,-120.7923
Mosquito,CATNF 001371,2022-09-06,Placer,95631,Destroyed (>50%),Single Residence,95631,39.0285,-120.7926
Mosquito,CATNF 001371,2022-09-06,Placer,95631,Destroyed (>50%),Other Minor Structure,95631,39.0373,-120.7313
Mosquito,CATNF 001371,2022-09-06,Placer,95631,Destroyed (>50%),Other Minor Structure,95631,39.0374,-120.7312
Mosquito,CATNF 001371,2022-09-06,Placer,95631,Destroyed (>50%),Single Residence,95631,39.0375,-120.7306
Mosquito,CATNF 001371,2022-09-06,Placer,95631,Destroyed (>50%),Other Minor Structure,95631,39.0376,-120.73
Mosquito,CATNF 001371,2022-09-06,Placer,95631,Destroyed (>50%),Single Residence,95631,39.0376,-120.7299
Mosquito,CATNF 001371,2022-09-06,Placer,95631,Destroyed (>50%),Single Residence,95631,39.0389,-120.7362
Mosquito,CATNF 001371,2022-09-06,Placer,95631,Destroyed (>50%),Other Minor Structure,95631,39.039,-120.7361
Mosquito,CATNF 001371,2022-09-06,Placer,95631,Destroyed (>50%),Other Minor Structure,95631,39.0412,-120.7367
Mosquito,CATNF 001371,2022-09-06,Placer,95631,Destroyed (>50%),Single Residence,95631,39.042,-120.7393
Mosquito,CATNF 001371,2022-09-06,Placer,95631,Destroyed (>50%),Single Residence,95631,39.042,-120.7364
Mosquito,CATNF 001371,2022-09-06,Placer,95631,Destroyed (>50%),Other Minor Structure,95631,39.0422,-120.7373
Mosquito,CATNF 001371,2022-09-06,Placer,95631,Destroyed (>50%),Single Residence,95631,39.0422,-120.7366
Mosquito,CATNF 001371,2022-09-06,Placer,95631,Destroyed (>50%),Other Minor Structure,95631,39.0423,-120.7397
Mosquito,CATNF 001371,2022-09-06,Placer,95631,Destroyed (>50%),Other Minor Structure,95631,39.0423,-120.7392
Mosquito,CATNF 001371,2022-09-06,Placer,95631,Destroyed (>50%),Other Minor Structure,95631,39.0426,-120.7452
Mosquito,CATNF 001371,2022-09-06,Placer,95631,Destroyed (>50%),Single Residence,95631,39.0428,-120.7379
Mosquito,CATNF 001371,2022-09-06,Placer,95631,Destroyed (>50%),Single Residence,95631,39.0435,-120.7391
Mosquito,CATNF 001371,2022-09-06,Placer,95631,Destroyed (>50%),Other Minor Structure,95631,39.0435,-120.7387
Mosquito,CATNF 001371,2022-09-06,Placer,95631,Destroyed (>50%),Single Residence,95631,39.0438,-120.7406
Mosquito,CATNF 001371,2022-09-06,Placer,95631,Destroyed (>50%),Single Residence,95631,39.0439,-120.7415
Mosquito,CATNF 001371,2022-09-06,Placer,95631,Destroyed (>50%),Other Minor Structure,95631,39.044,-120.7409
Mosquito,CATNF 001371,2022-09-06,Placer,95631,Destroyed (>50%),Single Residence,95631,39.0442,-120.7362
Mosquito,CATNF 001371,2022-09-06,Placer,95631,Destroyed (>50%),Single Residence,95631,39.0445,-120.7383
Mosquito,CATNF 001371,2022-09-06,Placer,95631,Destroyed (>50%),Other Minor Structure,95631,39.0446,-120.738
Mosquito,CATNF 001371,2022-09-06,Placer,,Destroyed (>50%),Single Residence,95631,39.054,-120.6499
Mosquito,CATNF 001371,2022-09-06,Placer,,Destroyed (>50%),Other Minor Structure,95631,39.0542,-120.6505
Mosquito,CATNF 001371,2022-09-06,Placer,95631,Destroyed (>50%),Single Residence,95631,39.0787,-120.7219
Mosquito,CATNF 001371,2022-09-06,Placer,,Inaccessible,Infrastructure,,39.0049,-120.7215
