event_id,event_type,date_start,date_end,date_uncertainty,geography,zips_listed,source_url,notes
FIRE_2017_TUBBS,fire,2017-10-08,2018-02-09,day,Napa County; Sonoma County,,https://www.fire.ca.gov/incidents/2017/10/8/tubbs-fire-central-lnu-complex/,"Statewide context: start of the 2017-2018 loss years; 36807 acres; end date is the CAL FIRE extinguished field and lags containment"
FIRE_2018_CAMP,fire,2018-11-08,2018-11-25,day,Butte County,,https://www.fire.ca.gov/incidents/2018/11/8/camp-fire/,"Statewide context: Paradise; nearest catastrophic fire to the target (about 50 km north-west); 153336 acres"
FIRE_2018_WOOLSEY,fire,2018-11-08,2019-01-04,day,Los Angeles County; Ventura County,,https://www.fire.ca.gov/incidents/2018/11/8/woolsey-fire/,"Statewide context; 96949 acres; end date is the CAL FIRE extinguished field"
FIRE_2019_KINCADE,fire,2019-10-23,2019-11-06,day,Sonoma County,,https://www.fire.ca.gov/incidents/2019/10/23/kincade-fire/,"Statewide context: triggered the 2019-10-25 moratorium declaration; 77758 acres"
FIRE_2021_DIXIE,fire,2021-07-13,2021-10-25,day,Butte County; Plumas County; Shasta County; Lassen County; Tehama County,,https://www.fire.ca.gov/incidents/2021/7/13/dixie-fire/,"Statewide context; 963309 acres; moratorium ZIPs reach Yuba and Sierra counties (MOR_2021_07_23)"
FIRE_2021_CALDOR,fire,2021-08-14,2021-10-21,day,El Dorado County; Alpine County; Amador County,,https://www.fire.ca.gov/incidents/2021/8/14/caldor-fire/,"Statewide context; 221835 acres; moratorium ZIPs reach Placer County Tahoe area (MOR_2021_08_30)"
FIRE_2024_PARK,fire,2024-07-24,,day,Butte County; Tehama County,,https://www.fire.ca.gov/incidents/2024/7/24/park-fire/,"Statewide context; 429603 acres; extinguished date not published"
FIRE_2025_PALISADES,fire,2025-01-07,2025-01-31,day,Los Angeles County,,https://www.fire.ca.gov/incidents/2025/1/7/palisades-fire/,"Statewide context: after the 2019-2024 window; drives FAIR_2025_02_11_ASSESSMENT; 23448 acres"
FIRE_2025_EATON,fire,2025-01-07,2025-01-31,day,Los Angeles County,,https://www.fire.ca.gov/incidents/2025/1/7/eaton-fire/,"Statewide context: after the 2019-2024 window; 14021 acres"
MOR_2019_10_11,nonrenewal_moratorium,2019-10-11,2020-10-11,day,"Saddleridge, Eagle, Sandalwood, Reche and Wolf fires (Los Angeles and Riverside counties)",,https://www.insurance.ca.gov/0250-insurers/0300-insurers/0200-bulletins/bulletin-notices-commiss-opinion/upload/MandatoryMoratoriumOnNonRenewalsAfterRecentWildfireActivity-2.pdf,"First use of SB 824; ZIP lists published in bulletins of 2019-12-05 and 2019-12-18, about 8 weeks after the declaration; no ZIP in the four region counties"
MOR_2019_10_25,nonrenewal_moratorium,2019-10-25,2020-10-25,day,"Kincade and Tick fires (Sonoma and Los Angeles counties)",,https://www.insurance.ca.gov/0250-insurers/0300-insurers/0200-bulletins/bulletin-notices-commiss-opinion/upload/MandatoryMoratoriumOnNonRenewalsAfterRecentWildfireActivity-2.pdf,"ZIP lists published 2019-12-05 and 2019-12-18; no ZIP in the four region counties"
MOR_2019_10_27,nonrenewal_moratorium,2019-10-27,2020-10-27,day,"Getty, Hill, Old Water, 46, Hillside, Easy, Maria, Sky and Glen Cove fires",,https://www.insurance.ca.gov/0250-insurers/0300-insurers/0200-bulletins/bulletin-notices-commiss-opinion/upload/MandatoryMoratoriumOnNonRenewalsAfterRecentWildfireActivity-2.pdf,"Statewide emergency declaration of 2019-10-27; ZIP lists published 2019-12-05 and 2019-12-18; no ZIP in the four region counties"
MOR_2020_08_18,nonrenewal_moratorium,2020-08-18,2021-08-18,day,"Jones, North Complex, Butte-Tehama-Glenn Lightning Complex, Loyalton and about 30 other fires",95701;95712;95715;95728;95901;95914;95919;95922;95924;95925;95930;95941;95945;95946;95959;95960;95966;95972;95975;95981;95986;96105;96111;96118;96124;96125;96126,https://www.insurance.ca.gov/0250-insurers/0300-insurers/0200-bulletins/bulletin-notices-commiss-opinion/upload/Bulletin-2020-11-Mandatory-Moratorium-on-Cancellations-and-Non-Renewals-of-Policies-of-Residential-Property-Insurance-After-the-Declaration-of-a-State-of-Emergency-Amended-11_6_20.pdf,"Region ZIPs only (full list in bulletin); Jones Fire list: 95959 95945 95946 95728 95975 95701 96125 95960 95922 95715 95986 95924 95712; ZIP list in Bulletin 2020-11 as amended 2020-11-06; first publication date of the list not recorded"
MOR_2020_09_06,nonrenewal_moratorium,2020-09-06,2021-09-06,day,"Creek, El Dorado and Valley fires",,https://www.insurance.ca.gov/0250-insurers/0300-insurers/0200-bulletins/bulletin-notices-commiss-opinion/upload/Bulletin-2020-11-Mandatory-Moratorium-on-Cancellations-and-Non-Renewals-of-Policies-of-Residential-Property-Insurance-After-the-Declaration-of-a-State-of-Emergency-Amended-11_6_20.pdf,"Bulletin 2020-11 amended 2020-11-06; no ZIP in the four region counties"
MOR_2020_09_10,nonrenewal_moratorium,2020-09-10,2021-09-10,day,"Slater Fire including Devil, Schoolhouse, Shackleford and Fox fires",,https://www.insurance.ca.gov/0250-insurers/0300-insurers/0200-bulletins/bulletin-notices-commiss-opinion/upload/Bulletin-2020-11-Mandatory-Moratorium-on-Cancellations-and-Non-Renewals-of-Policies-of-Residential-Property-Insurance-After-the-Declaration-of-a-State-of-Emergency-Amended-11_6_20.pdf,"Bulletin 2020-11 amended 2020-11-06; no ZIP in the four region counties"
MOR_2020_09_25,nonrenewal_moratorium,2020-09-25,2021-09-25,day,"Bobcat, Oak and Slater (Del Norte County) fires",,https://www.insurance.ca.gov/0250-insurers/0300-insurers/0200-bulletins/bulletin-notices-commiss-opinion/upload/Bulletin-2020-12-Mandatory-Moratorium-on-Cancellations-and-Non-Renewals-of-Policies-of-Residential-Property-Insurance-After-the-Declaration-of-a-State-of-Emergency.pdf,"Bulletin 2020-12 dated 2020-12-03; no ZIP in the four region counties"
MOR_2020_09_28,nonrenewal_moratorium,2020-09-28,2021-09-28,day,"Glass and Zogg fires",,https://www.insurance.ca.gov/0250-insurers/0300-insurers/0200-bulletins/bulletin-notices-commiss-opinion/upload/Bulletin-2020-11-Mandatory-Moratorium-on-Cancellations-and-Non-Renewals-of-Policies-of-Residential-Property-Insurance-After-the-Declaration-of-a-State-of-Emergency-Amended-11_6_20.pdf,"Bulletin 2020-11 amended 2020-11-06; no ZIP in the four region counties"
MOR_2020_11_18,nonrenewal_moratorium,2020-11-18,2021-11-18,day,Mountain View Fire,,https://www.insurance.ca.gov/0250-insurers/0300-insurers/0200-bulletins/bulletin-notices-commiss-opinion/upload/SOEMoratorium-CancelResIns2020.pdf,"Bulletin dated 2020-12-31; no ZIP in the four region counties"
MOR_2021_07_16,nonrenewal_moratorium,2021-07-16,2022-07-16,day,"Lava and Beckwourth Complex fires including Dotta and Sugar",96105;96118;96124;96126,https://www.insurance.ca.gov/0250-insurers/0300-insurers/0200-bulletins/bulletin-notices-commiss-opinion/upload/bulletin-2021-04-moratorium-july-16-declaration.pdf,"Region ZIPs only; Bulletin 2021-04 dated 2021-08-19"
MOR_2021_07_23,nonrenewal_moratorium,2021-07-23,2022-07-23,day,"Dixie, Fly and Tamarack fires",95901;95966;95981;96105;96118;96124;96126,https://www.insurance.ca.gov/0250-insurers/0300-insurers/0200-bulletins/bulletin-notices-commiss-opinion/upload/bulletin-2021-06-moratorium.pdf,"Region ZIPs only; Bulletin 2021-06 dated 2021-09-20, about 8 weeks after the declaration"
MOR_2021_08_05,nonrenewal_moratorium,2021-08-05,2022-08-05,day,"Antelope and River fires",95602;95603;95631;95648;95692;95701;95703;95712;95713;95714;95717;95722;95736;95924;95945;95946;95949;95959;95975;95986,https://www.insurance.ca.gov/0250-insurers/0300-insurers/0200-bulletins/bulletin-notices-commiss-opinion/upload/bulletin-2021-06-moratorium.pdf,"River Fire list (all ZIPs are in the region); Bulletin 2021-06 dated 2021-09-20, 46 days after the declaration"
MOR_2021_08_10,nonrenewal_moratorium,2021-08-10,2022-08-10,day,"McFarland, Monument and Dixie fires",95901;95966;95981;96105;96118;96124;96126,https://www.insurance.ca.gov/0250-insurers/0300-insurers/0200-bulletins/bulletin-notices-commiss-opinion/upload/bulletin-2021-06-moratorium.pdf,"Region ZIPs only; Bulletin 2021-06 dated 2021-09-20"
MOR_2021_08_17,nonrenewal_moratorium,2021-08-17,2022-08-17,day,Caldor Fire (El Dorado County),96141;96142;96145;96146,https://www.insurance.ca.gov/0250-insurers/0300-insurers/0200-bulletins/bulletin-notices-commiss-opinion/upload/bulletin-2021-06-moratorium.pdf,"Region ZIPs only; the bulletin runs the two Caldor moratoria concurrently from 2021-08-17 to 2022-08-30"
MOR_2021_08_30,nonrenewal_moratorium,2021-08-30,2022-08-30,day,"Caldor Fire (Alpine, Amador and Placer counties)",96141;96142;96145;96146,https://www.insurance.ca.gov/0250-insurers/0300-insurers/0200-bulletins/bulletin-notices-commiss-opinion/upload/bulletin-2021-06-moratorium.pdf,"Region ZIPs only; Bulletin 2021-06 dated 2021-09-20"
MOR_2021_09_07,nonrenewal_moratorium,2021-09-07,2022-09-07,day,Cache Fire (Lake County),,https://www.insurance.ca.gov/0250-insurers/0300-insurers/0200-bulletins/bulletin-notices-commiss-opinion/upload/bulletin-2021-06-moratorium.pdf,"Bulletin 2021-06 dated 2021-09-20; no ZIP in the four region counties"
MOR_2021_09_27,nonrenewal_moratorium,2021-09-27,2022-09-27,day,Fawn Fire (Shasta County),,https://www.insurance.ca.gov/0250-insurers/0300-insurers/0200-bulletins/bulletin-notices-commiss-opinion/upload/Bulletin-2021-07-Fawn-Fire-Moratorium.pdf,"Bulletin 2021-07 dated 2021-10-01; no ZIP in the four region counties"
MOR_2021_10_22,nonrenewal_moratorium,2021-10-22,2022-10-22,day,"River Complex, French, Washington, Windy, Colony, Paradise and Hopkins fires",,https://www.insurance.ca.gov/0250-insurers/0300-insurers/0200-bulletins/bulletin-notices-commiss-opinion/upload/bulletin-2021-09-mandatory-moratorium.pdf,"Bulletin 2021-09 dated 2021-11-10; no ZIP in the four region counties"
MOR_2022_07_01,nonrenewal_moratorium,2022-07-01,2023-07-01,day,"Alisal and Colorado fires",,https://www.insurance.ca.gov/0250-insurers/0300-insurers/0200-bulletins/bulletin-notices-commiss-opinion/upload/Bulletin_2022_Moratorium_Alisal-Fire-and-Colorado-Fire-Declaration.pdf,"Bulletin dated 2022-07-12; no ZIP in the four region counties"
MOR_2022_07_23,nonrenewal_moratorium,2022-07-23,2023-07-23,day,Oak Fire (Mariposa County),,https://www.insurance.ca.gov/0250-insurers/0300-insurers/0200-bulletins/bulletin-notices-commiss-opinion/upload/CDI-Bulletin-2022-9-SB-824-Moratorium-Declaration-for-Oak-Fire-8-1-2022.pdf,"Bulletin 2022-9 dated 2022-08-01; no ZIP in the four region counties"
MOR_2022_07_30,nonrenewal_moratorium,2022-07-30,2023-07-30,day,"McKinney and China 2 fires",,https://www.insurance.ca.gov/0250-insurers/0300-insurers/0200-bulletins/bulletin-notices-commiss-opinion/upload/ADA-Bulletin-2022-11.pdf,"Bulletin 2022-11 dated 2022-08-15; no ZIP in the four region counties"
MOR_2022_09_02,nonrenewal_moratorium,2022-09-02,2023-09-02,day,Mill Fire (Siskiyou County),,https://www.insurance.ca.gov/0250-insurers/0300-insurers/0200-bulletins/bulletin-notices-commiss-opinion/upload/Bulletin-2022-12-Moratorium-Mill-Fire-Declaration-16-Sept-2022.pdf,"Bulletin 2022-12; file name gives 2022-09-16; no ZIP in the four region counties"
MOR_2022_09_08,nonrenewal_moratorium,2022-09-08,2023-09-08,day,"Fairview and Mosquito fires",95603;95631;95701;95713;95714;95715;95717;96141;96145;96146,https://www.insurance.ca.gov/0250-insurers/0300-insurers/0200-bulletins/bulletin-notices-commiss-opinion/upload/Bulletin-2022-13.pdf,"Region ZIPs only (Mosquito Fire, Placer County); Bulletin 2022-13 dated 2022-09-22; no target ZIP listed"
MOR_2022_09_19,nonrenewal_moratorium,2022-09-19,2023-09-19,day,"Mountain, Barnes and Fork fires",,https://www.insurance.ca.gov/0250-insurers/0300-insurers/0200-bulletins/bulletin-notices-commiss-opinion/upload/Bulletin-2022-14.pdf,"Bulletin 2022-14 dated 2022-09-26; no ZIP in the four region counties"
MOR_2022_11_19,nonrenewal_moratorium,2022-11-19,2023-11-19,day,Route Fire (Los Angeles County),,https://www.insurance.ca.gov/0250-insurers/0300-insurers/0200-bulletins/bulletin-notices-commiss-opinion/upload/Bulletin-2022-15.pdf,"Bulletin 2022-15 dated 2022-11-28; no ZIP in the four region counties"
MOR_2023_08_29,nonrenewal_moratorium,2023-08-29,2024-08-29,day,"Smith River and Happy Camp Complex fires",,https://www.insurance.ca.gov/0250-insurers/0300-insurers/0200-bulletins/bulletin-notices-commiss-opinion/upload/Bulletin-2023-6-Moratorium-Smith-River-and-Happy-Camp-Fires-Declaration-14-Sept-2023.pdf,"Bulletin 2023-6 dated 2023-09-14; no ZIP in the four region counties"
MOR_2024_07_03,nonrenewal_moratorium,2024-07-03,2025-07-03,day,Thompson Fire (Butte County),95901;95914;95919;95941;95966;95972,https://www.insurance.ca.gov/0250-insurers/0300-insurers/0200-bulletins/bulletin-notices-commiss-opinion/upload/Bulletin_2024_Moratorium_Thompson-Fire-Declaration_11July2024.pdf,"Region ZIPs only; bulletin dated 2024-07-11"
MOR_2024_07_26,nonrenewal_moratorium,2024-07-26,2025-07-26,day,"Gold Complex (Plumas County) and Park (Butte and Tehama counties) fires",96105;96118;96124;96126,https://www.insurance.ca.gov/0250-insurers/0300-insurers/0200-bulletins/bulletin-notices-commiss-opinion/upload/Bulletin-2024-Moratorium-Park-Gold-Complex-Borel-Fires-Declaration.pdf,"Region ZIPs only; bulletin dated 2024-08-08"
MOR_2024_07_30,nonrenewal_moratorium,2024-07-30,2025-07-30,day,Borel Fire (Kern County),,https://www.insurance.ca.gov/0250-insurers/0300-insurers/0200-bulletins/bulletin-notices-commiss-opinion/upload/Bulletin-2024-Moratorium-Park-Gold-Complex-Borel-Fires-Declaration.pdf,"Bulletin dated 2024-08-08; no ZIP in the four region counties"
MOR_2024_09_07,nonrenewal_moratorium,2024-09-07,2025-09-07,day,Line Fire (San Bernardino County),,https://www.insurance.ca.gov/0250-insurers/0300-insurers/0200-bulletins/bulletin-notices-commiss-opinion/upload/Bulletin-2024-9-Moratorium-Line-Bridge-Airport-Fires-Declaration-addendum.pdf,"Bulletin 2024-9 addendum dated 2024-10-15; no ZIP in the four region counties"
MOR_2024_09_11,nonrenewal_moratorium,2024-09-11,2025-09-11,day,"Airport and Bridge fires",,https://www.insurance.ca.gov/0250-insurers/0300-insurers/0200-bulletins/bulletin-notices-commiss-opinion/upload/Bulletin-2024-9-Moratorium-Line-Bridge-Airport-Fires-Declaration-addendum.pdf,"Bulletin 2024-9 addendum dated 2024-10-15; no ZIP in the four region counties"
MOR_2024_09_29,nonrenewal_moratorium,2024-09-29,2025-09-29,day,Boyles Fire (Lake County),,https://www.insurance.ca.gov/0250-insurers/0300-insurers/0200-bulletins/bulletin-notices-commiss-opinion/upload/Bulletin-2024-11.pdf,"Bulletin 2024-11 dated 2024-10-04; no ZIP in the four region counties"
MOR_2024_11_01,nonrenewal_moratorium,2024-11-01,2025-11-01,day,"Bear Fire (Sierra County) and Shelly Fire (Siskiyou County)",95728;96111;96118;96124;96126,https://www.insurance.ca.gov/0250-insurers/0300-insurers/0200-bulletins/bulletin-notices-commiss-opinion/upload/Bulletin-2024-12-Moratorium-Shelly-Bear-Fires-Declaration.pdf,"Region ZIPs only; bulletin 2024-12 dated 2024-11-08; 95728 and 96111 are eastern Nevada County (excluded tier)"
MOR_2024_11_07,nonrenewal_moratorium,2024-11-07,2025-11-07,day,Mountain Fire (Ventura County),,https://www.insurance.ca.gov/0250-insurers/0300-insurers/0200-bulletins/bulletin-notices-commiss-opinion/upload/Bulletin-2024-13-Moratorium-Mountain-Fire-Declaration.pdf,"Bulletin 2024-13 dated 2024-11-14; no ZIP in the four region counties"
MOR_2025_01_07,nonrenewal_moratorium,2025-01-07,2026-01-07,day,"Palisades, Eaton, Hurst, Lidia, Sunset, Woodley and Olivas fires (Los Angeles and Ventura counties)",,https://www.insurance.ca.gov/0250-insurers/0300-insurers/0200-bulletins/bulletin-notices-commiss-opinion/upload/Bulletin-2025-1-One-Year-Moratorium-Updated-ZIP-Codes-Amended-17-January-2025.pdf,"After the 2019-2024 window; bulletin 2025-1 amended 2025-01-17; no ZIP in the four region counties"
RULE_2019_01_01_SB824,rule_change,2019-01-01,,day,California statewide,,https://www.insurance.ca.gov/01-consumers/140-catastrophes/MandatoryOneYearMoratoriumNonRenewals.cfm,"SB 824 (Lara; Chapter 616 Statutes of 2018; Insurance Code 675.1): one-year moratorium on wildfire-risk nonrenewal in ZIPs within or adjacent to a declared fire perimeter; in force January 2019 per CDI release of 2019-12-05"
RULE_2019_12_05_VOLUNTARY_STATEWIDE,rule_change,2019-12-05,2020-12-05,day,California statewide,,https://www.insurance.ca.gov/0400-news/0100-press-releases/2019/release092-19.cfm,"Commissioner asked insurers to stop wildfire-risk nonrenewals statewide until 2020-12-05; voluntary and not enforceable; same day as the first mandatory moratorium bulletin"
INS_2022_Q4_ALLSTATE_PAUSE,insurer_withdrawal,2022-10-01,,quarter,California statewide,,https://www.insurance.ca.gov/0400-news/0100-press-releases/2024/release057-2024.cfm,"Allstate pause on new homeowners policies; start date NOT verified from a primary source in this audit (press reports: late 2022; public in 2023-06); the cited CDI release of 2024-11-14 confirms only that Allstate announced plans to resume under the SIS"
INS_2023_05_27_STATE_FARM_NEW_BUSINESS,insurer_withdrawal,2023-05-27,,day,California statewide,,https://newsroom.statefarm.com/state-farm-general-insurance-company-california-new-business-update/,"State Farm General stops accepting new applications for all business and personal lines property and casualty insurance (auto excluded); announced 2023-05-26; renewals continue"
INS_2023_Q3_FARMERS_LIMIT,insurer_withdrawal,2023-07-01,,quarter,California statewide,,https://www.insurance.ca.gov/0400-news/0100-press-releases/2024/release057-2024.cfm,"Farmers cap on new homeowners policies; start date NOT verified from a primary source in this audit (press reports: July 2023); the cited CDI release of 2024-11-14 confirms only that Farmers announced plans to resume or expand under the SIS"
RULE_2023_09_21_SIS,rule_change,2023-09-21,,day,California statewide,,https://www.insurance.ca.gov/0400-news/0100-press-releases/2023/release051-2023.cfm,"Sustainable Insurance Strategy announced; Executive Order N-13-23 signed the same day (https://www.gov.ca.gov/2023/09/21/governor-newsom-signs-executive-order-to-strengthen-property-insurance-market/); announcement only, rules follow"
INS_2024_03_20_STATE_FARM_NONRENEWAL,insurer_withdrawal,2024-03-20,2025-07-02,month,California statewide,,https://newsroom.statefarm.com/update-on-california/,"Announced 2024-03-20 (page datePublished): nonrenew about 30000 homeowners, rental dwelling and other property policies from 2024-07-03 and about 42000 commercial apartment policies from 2024-08-20, rolling over the next year; date_end is approximate; ZIP list not published by the insurer"
RULE_2024_08_09_RATE_REVIEW,rule_change,2024-08-09,,day,California statewide,,https://www.insurance.ca.gov/0400-news/0100-press-releases/2024/release035-2024.cfm,"Bulletin implementing rate review reforms (SIS): faster and more transparent review of rate applications"
RULE_2024_12_13_CAT_MODEL,rule_change,2024-12-13,,day,California statewide,,https://www.insurance.ca.gov/0400-news/0100-press-releases/2024/release062-2024.cfm,"Catastrophe modeling and ratemaking regulation filed with the Secretary of State and enforced; insurers using wildfire models must write at least 85 percent of statewide market share in wildfire-distressed areas; submitted to OAL 2024-11-14 (release057-2024); effect on rates starts only with later filings"
RULE_2024_12_30_REINSURANCE,rule_change,2024-12-30,,day,California statewide,,https://www.insurance.ca.gov/0400-news/0100-press-releases/2024/release065-2024.cfm,"Net Cost of Reinsurance in Ratemaking regulation issued (final major SIS step); same coverage commitment condition as the catastrophe model rule"
FAIR_2019_11_14_ORDER,fair_plan_change,2019-11-14,,day,California statewide,,https://www.insurance.ca.gov/0400-news/0100-press-releases/2019/release089-19.cfm,"Commissioner order: FAIR Plan to offer a comprehensive homeowners policy by 2020-06-01 and raise the dwelling fire limit from 1.5 to 3 million USD by 2020-04-01 (release099-19); FAIR Plan sued, so the homeowners policy start date is uncertain"
FAIR_2021_09_24_ORDER,fair_plan_change,2021-09-24,,day,California statewide,,https://www.insurance.ca.gov/0400-news/0100-press-releases/2021/release096-2021.cfm,"Renewed order for a FAIR Plan homeowners policy after a court upheld the 2019 order; revised plan of operation due within 30 days"
FAIR_2025_02_11_ASSESSMENT,fair_plan_change,2025-02-11,,day,California statewide,,https://www.insurance.ca.gov/0400-news/0100-press-releases/2025/release015-2025.cfm,"After the 2019-2024 window: 1 billion USD member assessment approved after the Los Angeles fires; insurers may recoup half from policyholders through a temporary supplemental fee"
