zcta,neighbor
89439,89511
89439,89523
89439,96105
95602,95603
95602,95648
95602,95658
95602,95703
95602,95722
95602,95949
95603,95602
95603,95614
95603,95631
95603,95658
95603,95664
95603,95703
95604,96140
95626,95659
95626,95668
95626,95673
95626,95747
95626,95835
95626,95837
95626,95843
95631,95603
95631,95614
95631,95634
95631,95635
95631,95701
95631,95703
95631,95713
95631,95717
95648,95602
95648,95650
95648,95658
95648,95663
95648,95668
95648,95674
95648,95681
95648,95692
95648,95747
95648,95765
95648,95949
95650,95648
95650,95658
95650,95663
95650,95664
95650,95677
95650,95746
95650,95765
95658,95602
95658,95603
95658,95648
95658,95650
95658,95663
95658,95664
95661,95610
95661,95621
95661,95662
95661,95677
95661,95678
95661,95746
95663,95648
95663,95650
95663,95658
95668,95626
95668,95648
95668,95659
95668,95674
95668,95747
95677,95650
95677,95661
95677,95678
95677,95746
95677,95765
95678,95621
95678,95661
95678,95677
95678,95747
95678,95765
95681,95648
95681,95692
95692,95648
95692,95674
95692,95681
95692,95901
95692,95903
95692,95949
95692,95961
95692,95977
95701,95631
95701,95714
95701,95715
95701,95717
95701,95959
95703,95602
95703,95603
95703,95631
95703,95713
95703,95722
95703,95736
95713,95631
95713,95703
95713,95714
95713,95717
95713,95722
95713,95736
95713,95945
95713,95949
95714,95701
95714,95713
95714,95717
95715,95701
95715,95728
95715,95959
95717,95631
95717,95701
95717,95713
95717,95714
95722,95602
95722,95703
95722,95713
95722,95949
95728,95715
95728,96161
95736,95703
95736,95713
95746,95630
95746,95650
95746,95661
95746,95662
95746,95664
95746,95677
95747,95621
95747,95626
95747,95648
95747,95668
95747,95678
95747,95765
95747,95843
95765,95648
95765,95650
95765,95677
95765,95678
95765,95747
95901,95692
95901,95903
95901,95914
95901,95918
95901,95953
95901,95961
95901,95965
95901,95966
95901,95977
95901,95991
95903,95692
95903,95901
95903,95977
95910,95936
95910,95944
95910,95959
95910,95960
95914,95901
95914,95918
95914,95919
95914,95966
95914,95972
95918,95901
95918,95914
95918,95919
95918,95962
95918,95972
95918,95977
95919,95914
95919,95918
95919,95925
95919,95935
95919,95941
95919,95962
95919,95966
95919,95972
95922,95925
95922,95935
95922,95959
95922,95960
95922,95981
95925,95919
95925,95922
95925,95930
95925,95935
95925,95941
95925,95981
95930,95925
95930,95941
95930,95981
95935,95919
95935,95922
95935,95925
95935,95960
95935,95962
95936,95910
95936,95944
95936,96125
95941,95919
95941,95925
95941,95930
95941,95966
95944,95910
95944,95936
95945,95713
95945,95949
95945,95959
95945,95975
95946,95949
95946,95959
95946,95960
95946,95962
95946,95975
95946,95977
95949,95602
95949,95648
95949,95692
95949,95713
95949,95722
95949,95945
95949,95946
95949,95975
95949,95977
95959,95701
95959,95715
95959,95910
95959,95922
95959,95945
95959,95946
95959,95960
95959,95975
95959,95986
95960,95910
95960,95922
95960,95935
95960,95946
95960,95959
95960,95962
95961,95659
95961,95674
95961,95692
95961,95901
95961,95991
95962,95918
95962,95919
95962,95935
95962,95946
95962,95960
95962,95977
95966,95901
95966,95914
95966,95916
95966,95919
95966,95941
95966,95965
95966,95968
95972,95914
95972,95918
95972,95919
95975,95945
95975,95946
95975,95949
95975,95959
95977,95692
95977,95901
95977,95903
95977,95918
95977,95946
95977,95949
95977,95962
95981,95922
95981,95925
95981,95930
95986,95959
96105,89439
96105,89508
96105,96109
96105,96118
96105,96122
96105,96129
96105,96135
96111,89511
96111,96161
96118,96105
96118,96124
96118,96126
96118,96129
96118,96135
96124,96106
96124,96118
96124,96122
96124,96125
96124,96126
96124,96129
96125,95936
96125,96103
96125,96106
96125,96124
96126,96118
96126,96124
96140,95604
96140,96143
96140,96145
96140,96148
96140,96161
96141,96142
96141,96145
96141,96146
96142,96141
96142,96150
96143,89402
96143,89451
96143,96140
96143,96148
96143,96161
96145,96140
96145,96141
96145,96146
96145,96161
96146,96141
96146,96145
96146,96161
96148,96140
96148,96143
96161,89451
96161,89511
96161,95728
96161,96111
96161,96140
96161,96143
96161,96145
96161,96146
