zcta,county_fips,county_land_share
89439,06091,0.2566
95602,06057,0.2111
95602,06061,0.7889
95603,06061,1.0
95604,06061,1.0
95626,06061,0.256
95631,06061,1.0
95648,06061,1.0
95650,06061,1.0
95658,06061,1.0
95661,06061,1.0
95663,06061,1.0
95668,06061,0.3037
95677,06061,1.0
95678,06061,0.9995
95681,06061,1.0
95692,06115,0.9766
95701,06061,1.0
95703,06061,1.0
95713,06061,1.0
95714,06061,1.0
95715,06061,1.0
95717,06061,1.0
95722,06061,1.0
95728,06057,0.2327
95728,06061,0.7673
95736,06061,1.0
95746,06061,1.0
95747,06061,1.0
95765,06061,1.0
95901,06115,0.9694
95903,06115,1.0
95910,06091,1.0
95914,06115,0.1189
95918,06115,1.0
95919,06115,1.0
95922,06091,0.1818
95922,06115,0.8182
95925,06115,1.0
95930,06115,0.1502
95935,06115,1.0
95936,06091,1.0
95941,06115,0.1466
95944,06091,1.0
95945,06057,1.0
95946,06057,1.0
95949,06057,1.0
95959,06057,1.0
95960,06057,0.3703
95960,06091,0.3909
95960,06115,0.2387
95961,06115,1.0
95962,06115,1.0
95966,06115,0.032
95972,06115,1.0
95975,06057,1.0
95977,06057,0.3883
95977,06115,0.6117
95981,06115,0.2381
95986,06057,1.0
96105,06091,0.2632
96111,06057,1.0
96118,06091,0.8271
96124,06091,1.0
96125,06091,1.0
96126,06091,1.0
96140,06061,1.0
96141,06061,1.0
96142,06061,0.0094
96143,06061,1.0
96145,06061,1.0
96146,06061,1.0
96148,06061,1.0
96161,06057,0.6962
96161,06061,0.3038
