zcta,hu2020,pop2020,arealand_m2
89439,1051,2154,42115067
95602,7843,18364,128661553
95603,12362,28021,92627419
95604,68,49,129285
95626,2058,5766,97635869
95631,2813,6362,450609200
95648,21298,54483,374579316
95650,4969,13446,59172650
95658,2620,6532,60356959
95661,13452,32847,23191292
95663,1067,2905,22535391
95668,318,872,168298646
95677,11007,28351,25231048
95678,18016,45136,29590357
95681,457,1324,40434821
95692,1830,4975,148209047
95701,506,986,82238463
95703,833,1943,22992787
95713,4001,9156,157394700
95714,257,360,9313992
95715,109,98,87586419
95717,115,243,50517034
95722,1995,4682,27044344
95728,1167,457,72499681
95736,81,339,598865
95746,7945,22166,47655824
95747,27698,75019,109077862
95765,15082,43120,32431889
95901,13047,35840,518511877
95903,1310,2412,52945674
95910,49,64,85275254
95914,340,693,56692521
95918,984,2259,144267833
95919,696,1411,69379617
95922,381,666,134371007
95925,147,281,91374016
95930,184,253,19446126
95935,367,750,66849307
95936,275,361,113778810
95941,247,480,91774026
95944,30,45,24362355
95945,12297,26302,158360154
95946,4750,9964,115826098
95949,9211,20720,354667263
95959,8925,18621,807812259
95960,384,762,107746048
95961,9580,30717,118744692
95962,668,1316,98291154
95966,13255,31591,440716931
95972,43,84,2807476
95975,824,1702,24445662
95977,766,1797,97507256
95981,341,191,137498087
95986,88,121,28186665
96105,327,568,658112915
96111,43,80,12361102
96118,707,1447,442087054
96124,294,343,137550222
96125,399,291,240265274
96126,143,273,74397285
96140,1584,1115,26790547
96141,1497,600,74763467
96142,2238,973,41403338
96143,2987,3965,23903309
96145,4872,3189,45868472
96146,2496,1194,104710281
96148,937,993,5411110
96161,18545,19651,680247890
