year,Grass Valley,Nevada City
2001,195764.0502352748,245797.14128928343
2002,223846.17686244883,280589.82098201144
2003,253270.09831886494,310012.1650232156
2004,290864.8237209558,348251.37132477463
2005,354476.8267649249,423292.1585578884
2006,391566.98369018966,470448.98940904206
2007,377412.6160858243,461115.34686746314
2008,333708.0753821994,412308.4849701189
2009,289350.73797887116,364343.442453149
2010,278380.81075925444,331327.37219177006
2011,247176.4919269205,292021.47731435107
2012,232970.30315552113,276183.2883032698
2013,263654.8957462895,306035.27910045104
2014,301298.3679014902,347551.841855799
2015,325929.529559879,372260.3777676118
2016,350959.0840523489,398272.5402850167
2017,378028.945071939,427207.5640899907
2018,409329.8898989402,457213.3377820674
2019,414835.1924830556,464765.94327239756
2020,425942.1060917573,480932.92121111276
2021,497635.6311401714,568285.7098041576
2022,535317.6227525087,605377.3488106945
2023,509209.0091625866,562787.6929607122
2024,512989.11074163235,557809.602611342
2025,508997.8894363458,557845.4444393299
