zcta,year,policy_form,zip_source,zcta_method,xw_weight,sources,exposure_unit,exposures,premium_basis,written_premium,earned_premium,avg_premium_per_exposure,avg_coverage_a,avg_coverage_c,coverage_basis,premium_per_1000_coverage_a,form_share_of_admitted,owner_occupied_share,policies_new,policies_renewed,nonrenewed_total,nonrenewed_insurer,nonrenewed_insured,nonrenewal_rate,nonrenewal_scope,s3_vintage,series_break,voluntary_dwelling_units,fair_plan_dwelling_units,fair_plan_share,denominator_source,suppressed,coverage_def_change,mix_shift,combined_premium_unavailable
95602,2015,admitted_homeowners,95602,identity,1.0,S3,,,,,,,,,,,,,691.0,5585.0,747.0,172.0,575.0,0.11797220467466835,voluntary_market_all_forms,2015-2021,False,,,,nonrenewal_rate=S3 2015-2021 renewed+nonrenewed,False,False,False,True
95602,2016,admitted_homeowners,95602,identity,1.0,S3,,,,,,,,,,,,,618.0,5619.0,636.0,128.0,508.0,0.10167865707434053,voluntary_market_all_forms,2015-2021,False,,,,nonrenewal_rate=S3 2015-2021 renewed+nonrenewed,False,False,False,True
95602,2017,admitted_homeowners,95602,identity,1.0,S3,,,,,,,,,,,,,650.0,5578.0,668.0,128.0,540.0,0.1069484470060839,voluntary_market_all_forms,2015-2021,False,,,,nonrenewal_rate=S3 2015-2021 renewed+nonrenewed,False,False,False,True
95602,2018,admitted_homeowners,95602,identity,1.0,S2;S3,earned_house_years,4722.0,earned,,6375118.0,1350.0885218127912,493616.02,343951.68,end_of_year,2.735098674092448,0.8741206960385043,,784.0,5370.0,813.0,244.0,569.0,0.13148956817079088,voluntary_market_all_forms,2015-2021,False,,,,avg_premium_per_exposure=S2 All Companies earned exposure; premium_per_1000_coverage_a=S2 avg Coverage A (end_of_year); nonrenewal_rate=S3 2015-2021 renewed+nonrenewed,False,False,False,False
95602,2018,dwelling_fire,95602,identity,1.0,S2,earned_house_years,680.0,earned,,540240.0,794.4705882352941,329165.7227352941,20813.537573529415,end_of_year,2.413588455181238,0.12587930396149574,0.10441176470588236,,,,,,,,,False,,,,avg_premium_per_exposure=S2 All Companies earned exposure; premium_per_1000_coverage_a=S2 avg Coverage A (end_of_year),False,False,False,False
95602,2019,admitted_homeowners,95602,identity,1.0,S2;S3,earned_house_years,4713.0,earned,,6582750.0,1396.721833227244,514347.06999999995,353971.41,end_of_year,2.715524039491941,0.823951048951049,,1636.0,4700.0,1456.0,795.0,661.0,0.2365172189733593,voluntary_market_all_forms,2015-2021,False,,,,avg_premium_per_exposure=S2 All Companies earned exposure; premium_per_1000_coverage_a=S2 avg Coverage A (end_of_year); nonrenewal_rate=S3 2015-2021 renewed+nonrenewed,False,False,True,False
95602,2019,dwelling_fire,95602,identity,1.0,S2,earned_house_years,1007.0,earned,,1328018.0,1318.7864945382323,395556.44849056605,66769.66274081431,end_of_year,3.3340032745533286,0.17604895104895105,0.3714001986097319,,,,,,,,,False,,,,avg_premium_per_exposure=S2 All Companies earned exposure; premium_per_1000_coverage_a=S2 avg Coverage A (end_of_year),False,False,True,False
95602,2020,admitted_homeowners,95602,identity,1.0,S2;S3,earned_house_years,5020.0,earned,,7219602.0,1438.1677290836653,542268.91,359173.62,end_of_year,2.652130156389872,0.7408500590318772,,819.0,4241.0,1038.0,,,0.19662814927069522,voluntary_market_all_forms,2020-2023,True,,,,avg_premium_per_exposure=S2 All Companies earned exposure; premium_per_1000_coverage_a=S2 avg Coverage A (end_of_year); nonrenewal_rate=S3 2020-2023 renewed+nonrenewed,False,False,True,False
95602,2020,dwelling_fire,95602,identity,1.0,S2,earned_house_years,1756.0,earned,,3427264.0,1951.7448747152619,465639.8094589977,104296.68908314352,end_of_year,4.191533530998759,0.25914994096812277,0.6201594533029613,,,,,,,,,False,,,,avg_premium_per_exposure=S2 All Companies earned exposure; premium_per_1000_coverage_a=S2 avg Coverage A (end_of_year),False,False,True,False
95602,2021,admitted_homeowners,95602,identity,1.0,S2;S3,earned_house_years,4997.0,earned,,8145818.0,1630.1416850110065,550310.67,362580.72,start_of_year,2.962220748892632,0.7128388017118402,,555.0,4298.0,726.0,,,0.1445063694267516,voluntary_market_all_forms,2020-2023,False,,,,avg_premium_per_exposure=S2 All Companies earned exposure; premium_per_1000_coverage_a=S2 avg Coverage A (start_of_year); nonrenewal_rate=S3 2020-2023 renewed+nonrenewed,False,True,False,False
95602,2021,dwelling_fire,95602,identity,1.0,S2,earned_house_years,2013.0,earned,,4613639.0,2291.9220069547937,491699.71668653755,113629.20431197218,start_of_year,4.661222956156211,0.2871611982881598,0.6761053154495777,,,,,,,,,False,,,,avg_premium_per_exposure=S2 All Companies earned exposure; premium_per_1000_coverage_a=S2 avg Coverage A (start_of_year),False,True,False,False
95602,2022,admitted_homeowners,95602,identity,1.0,S2;S3,earned_house_years,5016.0,earned,,9632245.0,1920.3040271132377,597137.17,391364.55,start_of_year,3.2158507686152538,0.7025210084033613,,409.0,4288.0,495.0,,,0.10349153251097637,voluntary_market_all_forms,2020-2023,False,,,,avg_premium_per_exposure=S2 All Companies earned exposure; premium_per_1000_coverage_a=S2 avg Coverage A (start_of_year); nonrenewal_rate=S3 2020-2023 renewed+nonrenewed,False,False,False,False
95602,2022,dwelling_fire,95602,identity,1.0,S2,earned_house_years,2124.0,earned,,5655251.0,2662.5475517890773,552123.8209981169,118137.69128060264,start_of_year,4.822373986646301,0.29747899159663865,0.696798493408663,,,,,,,,,False,,,,avg_premium_per_exposure=S2 All Companies earned exposure; premium_per_1000_coverage_a=S2 avg Coverage A (start_of_year),False,False,False,False
95602,2022,fair_plan,95602,identity,1.0,S6,dwelling_units,1619.0,,,,,,,,,,,,,,,,,,,False,4561.0,1619.0,0.2619741100323625,fair_plan_share=S6 voluntary+FAIR Plan dwelling units,False,False,False,True
95602,2023,admitted_homeowners,95602,identity,1.0,S2;S3,earned_house_years,4897.0,earned,,10631662.0,2171.0561568307126,640616.94,415134.89,start_of_year,3.3890083469080805,0.6748897464167586,,316.0,3802.0,764.0,,,0.16732369689005694,voluntary_market_all_forms,2020-2023,False,,,,avg_premium_per_exposure=S2 All Companies earned exposure; premium_per_1000_coverage_a=S2 avg Coverage A (start_of_year); nonrenewal_rate=S3 2020-2023 renewed+nonrenewed,False,False,False,False
95602,2023,dwelling_fire,95602,identity,1.0,S2,earned_house_years,2359.0,earned,,6957353.0,2949.280627384485,629239.8327766003,122978.94491309878,start_of_year,4.687053288362899,0.32511025358324147,0.7227638830012717,,,,,,,,,False,,,,avg_premium_per_exposure=S2 All Companies earned exposure; premium_per_1000_coverage_a=S2 avg Coverage A (start_of_year),False,False,False,False
95945,2015,admitted_homeowners,95945,identity,1.0,S3,,,,,,,,,,,,,724.0,7594.0,865.0,222.0,643.0,0.10225795011230641,voluntary_market_all_forms,2015-2021,False,,,,nonrenewal_rate=S3 2015-2021 renewed+nonrenewed,False,False,False,True
95945,2016,admitted_homeowners,95945,identity,1.0,S3,,,,,,,,,,,,,689.0,7467.0,718.0,174.0,544.0,0.08772144166157606,voluntary_market_all_forms,2015-2021,False,,,,nonrenewal_rate=S3 2015-2021 renewed+nonrenewed,False,False,False,True
95945,2017,admitted_homeowners,95945,identity,1.0,S3,,,,,,,,,,,,,555.0,7431.0,725.0,169.0,556.0,0.08889161353604708,voluntary_market_all_forms,2015-2021,False,,,,nonrenewal_rate=S3 2015-2021 renewed+nonrenewed,False,False,False,True
95945,2018,admitted_homeowners,95945,identity,1.0,S2;S3,earned_house_years,5252.0,earned,,6480038.0,1233.8229246001524,392508.05,279910.36,end_of_year,3.1434334266524027,0.7500714081690946,,802.0,7145.0,800.0,211.0,589.0,0.10069225928256766,voluntary_market_all_forms,2015-2021,False,,,,avg_premium_per_exposure=S2 All Companies earned exposure; premium_per_1000_coverage_a=S2 avg Coverage A (end_of_year); nonrenewal_rate=S3 2015-2021 renewed+nonrenewed,False,False,False,False
95945,2018,dwelling_fire,95945,identity,1.0,S2,earned_house_years,1750.0,earned,,1285517.0,734.5811428571428,277883.8726685714,15210.26682857143,end_of_year,2.6434824583478744,0.24992859183090546,0.07485714285714286,,,,,,,,,False,,,,avg_premium_per_exposure=S2 All Companies earned exposure; premium_per_1000_coverage_a=S2 avg Coverage A (end_of_year),False,False,False,False
95945,2019,admitted_homeowners,95945,identity,1.0,S2;S3,earned_house_years,5297.0,earned,,6826689.0,1288.784028695488,409608.48999999993,286105.13,end_of_year,3.146380165839551,0.7037332270492892,,2230.0,6123.0,1999.0,1130.0,869.0,0.24612164491504557,voluntary_market_all_forms,2015-2021,False,,,,avg_premium_per_exposure=S2 All Companies earned exposure; premium_per_1000_coverage_a=S2 avg Coverage A (end_of_year); nonrenewal_rate=S3 2015-2021 renewed+nonrenewed,False,False,False,False
95945,2019,dwelling_fire,95945,identity,1.0,S2,earned_house_years,2230.0,earned,,2387563.0,1070.6560538116591,320541.03716591926,39049.33813452914,end_of_year,3.3401528343388476,0.2962667729507108,0.23856502242152466,,,,,,,,,False,,,,avg_premium_per_exposure=S2 All Companies earned exposure; premium_per_1000_coverage_a=S2 avg Coverage A (end_of_year),False,False,True,False
95945,2020,admitted_homeowners,95945,identity,1.0,S2;S3,earned_house_years,5484.0,earned,,7350188.0,1340.2968636032094,437439.89,293707.11,end_of_year,3.063956658372444,0.6321613832853026,,780.0,6029.0,982.0,,,0.1400656111824276,voluntary_market_all_forms,2020-2023,True,,,,avg_premium_per_exposure=S2 All Companies earned exposure; premium_per_1000_coverage_a=S2 avg Coverage A (end_of_year); nonrenewal_rate=S3 2020-2023 renewed+nonrenewed,False,False,True,False
95945,2020,dwelling_fire,95945,identity,1.0,S2,earned_house_years,3191.0,earned,,4941154.0,1548.4656847383264,372177.19441554375,64921.75071450956,end_of_year,4.160560367407766,0.3678386167146974,0.43403321842682546,,,,,,,,,False,,,,avg_premium_per_exposure=S2 All Companies earned exposure; premium_per_1000_coverage_a=S2 avg Coverage A (end_of_year),False,False,True,False
95945,2021,admitted_homeowners,95945,identity,1.0,S2;S3,earned_house_years,5593.0,earned,,8595635.0,1536.8558912926874,444166.77,299276.08,start_of_year,3.4600875056292195,0.6287095323741008,,605.0,6033.0,862.0,,,0.12501812907904278,voluntary_market_all_forms,2020-2023,False,,,,avg_premium_per_exposure=S2 All Companies earned exposure; premium_per_1000_coverage_a=S2 avg Coverage A (start_of_year); nonrenewal_rate=S3 2020-2023 renewed+nonrenewed,False,True,False,False
95945,2021,dwelling_fire,95945,identity,1.0,S2,earned_house_years,3303.0,earned,,5984361.0,1811.7956403269754,383590.87978504394,69458.45250075689,start_of_year,4.7232500453145985,0.3712904676258993,0.47199515591886165,,,,,,,,,False,,,,avg_premium_per_exposure=S2 All Companies earned exposure; premium_per_1000_coverage_a=S2 avg Coverage A (start_of_year),False,True,False,False
95945,2022,admitted_homeowners,95945,identity,1.0,S2;S3,earned_house_years,5666.0,earned,,10326689.0,1822.5713025061773,478773.6099999999,322662.85,start_of_year,3.8067497130975485,0.6240775415794692,,543.0,5847.0,780.0,,,0.11770031688546853,voluntary_market_all_forms,2020-2023,False,,,,avg_premium_per_exposure=S2 All Companies earned exposure; premium_per_1000_coverage_a=S2 avg Coverage A (start_of_year); nonrenewal_rate=S3 2020-2023 renewed+nonrenewed,False,False,False,False
95945,2022,dwelling_fire,95945,identity,1.0,S2,earned_house_years,3413.0,earned,,7194129.0,2107.8608262525636,420843.69418107235,72771.77694989745,start_of_year,5.008654888733189,0.3759224584205309,0.4980955171403457,,,,,,,,,False,,,,avg_premium_per_exposure=S2 All Companies earned exposure; premium_per_1000_coverage_a=S2 avg Coverage A (start_of_year),False,False,False,False
95945,2022,fair_plan,95945,identity,1.0,S6,dwelling_units,2022.0,,,,,,,,,,,,,,,,,,,False,6293.0,2022.0,0.24317498496692724,fair_plan_share=S6 voluntary+FAIR Plan dwelling units,False,False,False,True
95945,2023,admitted_homeowners,95945,identity,1.0,S2;S3,earned_house_years,5503.0,earned,,11107299.0,2018.4079592949302,519429.17,347860.05,start_of_year,3.8858194261499217,0.5986727589208007,,373.0,5009.0,1266.0,,,0.20175298804780875,voluntary_market_all_forms,2020-2023,False,,,,avg_premium_per_exposure=S2 All Companies earned exposure; premium_per_1000_coverage_a=S2 avg Coverage A (start_of_year); nonrenewal_rate=S3 2020-2023 renewed+nonrenewed,False,False,False,False
95945,2023,dwelling_fire,95945,identity,1.0,S2,earned_house_years,3689.0,earned,,8671709.0,2350.693683925183,473440.96941176464,77894.70117647058,start_of_year,4.965125191522493,0.4013272410791993,0.5294117647058824,,,,,,,,,False,,,,avg_premium_per_exposure=S2 All Companies earned exposure; premium_per_1000_coverage_a=S2 avg Coverage A (start_of_year),False,False,False,False
95946,2015,admitted_homeowners,95946,identity,1.0,S3,,,,,,,,,,,,,482.0,3897.0,555.0,137.0,418.0,0.12466307277628032,voluntary_market_all_forms,2015-2021,False,,,,nonrenewal_rate=S3 2015-2021 renewed+nonrenewed,False,False,False,True
95946,2016,admitted_homeowners,95946,identity,1.0,S3,,,,,,,,,,,,,468.0,3874.0,530.0,110.0,420.0,0.12034514078110808,voluntary_market_all_forms,2015-2021,False,,,,nonrenewal_rate=S3 2015-2021 renewed+nonrenewed,False,False,False,True
95946,2017,admitted_homeowners,95946,identity,1.0,S3,,,,,,,,,,,,,439.0,3839.0,469.0,92.0,377.0,0.10886722376973074,voluntary_market_all_forms,2015-2021,False,,,,nonrenewal_rate=S3 2015-2021 renewed+nonrenewed,False,False,False,True
95946,2018,admitted_homeowners,95946,identity,1.0,S2;S3,earned_house_years,3224.0,earned,,4328068.0,1342.4528535980148,463024.32,326121.83,end_of_year,2.899313914219484,0.8365334717176959,,498.0,3734.0,479.0,116.0,363.0,0.11369570377403275,voluntary_market_all_forms,2015-2021,False,,,,avg_premium_per_exposure=S2 All Companies earned exposure; premium_per_1000_coverage_a=S2 avg Coverage A (end_of_year); nonrenewal_rate=S3 2015-2021 renewed+nonrenewed,False,False,False,False
95946,2018,dwelling_fire,95946,identity,1.0,S2,earned_house_years,630.0,earned,,528700.0,839.2063492063492,349629.0045079365,22301.58380952381,end_of_year,2.400276688678726,0.1634665282823041,0.13015873015873017,,,,,,,,,False,,,,avg_premium_per_exposure=S2 All Companies earned exposure; premium_per_1000_coverage_a=S2 avg Coverage A (end_of_year),False,False,False,False
95946,2019,admitted_homeowners,95946,identity,1.0,S2;S3,earned_house_years,3323.0,earned,,4827207.0,1452.6653626241348,488481.47,335793.07000000007,end_of_year,2.973839238209251,0.8158605450527866,,1051.0,3443.0,929.0,448.0,481.0,0.2124885635864593,voluntary_market_all_forms,2015-2021,False,,,,avg_premium_per_exposure=S2 All Companies earned exposure; premium_per_1000_coverage_a=S2 avg Coverage A (end_of_year); nonrenewal_rate=S3 2015-2021 renewed+nonrenewed,False,False,False,False
95946,2019,dwelling_fire,95946,identity,1.0,S2,earned_house_years,750.0,earned,,863744.0,1151.6586666666667,383077.7738,41787.82913333333,end_of_year,3.006331208523554,0.18413945494721334,0.24666666666666667,,,,,,,,,False,,,,avg_premium_per_exposure=S2 All Companies earned exposure; premium_per_1000_coverage_a=S2 avg Coverage A (end_of_year),False,False,True,False
95946,2020,admitted_homeowners,95946,identity,1.0,S2;S3,earned_house_years,3471.0,earned,,5423975.0,1562.6548545087871,513287.05,343746.76,end_of_year,3.044407324339835,0.77772798565987,,695.0,3332.0,811.0,,,0.19575187062515087,voluntary_market_all_forms,2020-2023,True,,,,avg_premium_per_exposure=S2 All Companies earned exposure; premium_per_1000_coverage_a=S2 avg Coverage A (end_of_year); nonrenewal_rate=S3 2020-2023 renewed+nonrenewed,False,False,False,False
95946,2020,dwelling_fire,95946,identity,1.0,S2,earned_house_years,992.0,earned,,1753057.0,1767.194556451613,432868.5586794355,68488.59536290322,end_of_year,4.082520019108904,0.22227201434012997,0.44455645161290325,,,,,,,,,False,,,,avg_premium_per_exposure=S2 All Companies earned exposure; premium_per_1000_coverage_a=S2 avg Coverage A (end_of_year),False,False,True,False
95946,2021,admitted_homeowners,95946,identity,1.0,S2;S3,earned_house_years,3498.0,earned,,6165262.0,1762.5105774728415,521933.94000000006,350206.02,start_of_year,3.3768843955095953,0.7696369636963697,,447.0,3471.0,506.0,,,0.12723158159416645,voluntary_market_all_forms,2020-2023,False,,,,avg_premium_per_exposure=S2 All Companies earned exposure; premium_per_1000_coverage_a=S2 avg Coverage A (start_of_year); nonrenewal_rate=S3 2020-2023 renewed+nonrenewed,False,True,False,False
95946,2021,dwelling_fire,95946,identity,1.0,S2,earned_house_years,1047.0,earned,,2229279.0,2129.206303724928,444298.96243553003,77373.89332378223,start_of_year,4.7922828629920255,0.23036303630363036,0.5128939828080229,,,,,,,,,False,,,,avg_premium_per_exposure=S2 All Companies earned exposure; premium_per_1000_coverage_a=S2 avg Coverage A (start_of_year),False,True,False,False
95946,2022,admitted_homeowners,95946,identity,1.0,S2;S3,earned_house_years,3527.0,earned,,7367956.0,2089.0150269350725,559166.12,376369.48000000004,start_of_year,3.735947068708441,0.7687445510026155,,398.0,3422.0,455.0,,,0.11735878256383801,voluntary_market_all_forms,2020-2023,False,,,,avg_premium_per_exposure=S2 All Companies earned exposure; premium_per_1000_coverage_a=S2 avg Coverage A (start_of_year); nonrenewal_rate=S3 2020-2023 renewed+nonrenewed,False,False,False,False
95946,2022,dwelling_fire,95946,identity,1.0,S2,earned_house_years,1061.0,earned,,2698385.0,2543.2469368520265,487654.7423468426,81570.40475023563,start_of_year,5.21526136424436,0.23125544899738448,0.5475966069745523,,,,,,,,,False,,,,avg_premium_per_exposure=S2 All Companies earned exposure; premium_per_1000_coverage_a=S2 avg Coverage A (start_of_year),False,False,False,False
95946,2022,fair_plan,95946,identity,1.0,S6,dwelling_units,617.0,,,,,,,,,,,,,,,,,,,False,3720.0,617.0,0.14226423795250173,fair_plan_share=S6 voluntary+FAIR Plan dwelling units,False,False,False,True
95946,2023,admitted_homeowners,95946,identity,1.0,S2;S3,earned_house_years,3469.0,earned,,8183540.0,2359.0487172095704,603987.6,406218.56000000006,start_of_year,3.9057899817969286,0.7426675230143438,,385.0,2856.0,855.0,,,0.23039611964430073,voluntary_market_all_forms,2020-2023,False,,,,avg_premium_per_exposure=S2 All Companies earned exposure; premium_per_1000_coverage_a=S2 avg Coverage A (start_of_year); nonrenewal_rate=S3 2020-2023 renewed+nonrenewed,False,False,False,False
95946,2023,dwelling_fire,95946,identity,1.0,S2,earned_house_years,1202.0,earned,,3468647.0,2885.7296173044924,553466.8124958402,87959.4702329451,start_of_year,5.21391626770066,0.2573324769856562,0.589018302828619,,,,,,,,,False,,,,avg_premium_per_exposure=S2 All Companies earned exposure; premium_per_1000_coverage_a=S2 avg Coverage A (start_of_year),False,False,False,False
95949,2015,admitted_homeowners,95949,identity,1.0,S3,,,,,,,,,,,,,618.0,6955.0,776.0,229.0,547.0,0.10037511318070107,voluntary_market_all_forms,2015-2021,False,,,,nonrenewal_rate=S3 2015-2021 renewed+nonrenewed,False,False,False,True
95949,2016,admitted_homeowners,95949,identity,1.0,S3,,,,,,,,,,,,,639.0,6801.0,692.0,194.0,498.0,0.09235286267182703,voluntary_market_all_forms,2015-2021,False,,,,nonrenewal_rate=S3 2015-2021 renewed+nonrenewed,False,False,False,True
95949,2017,admitted_homeowners,95949,identity,1.0,S3,,,,,,,,,,,,,582.0,6714.0,675.0,157.0,518.0,0.09135200974421437,voluntary_market_all_forms,2015-2021,False,,,,nonrenewal_rate=S3 2015-2021 renewed+nonrenewed,False,False,False,True
95949,2018,admitted_homeowners,95949,identity,1.0,S2;S3,earned_house_years,5175.0,earned,,7220170.0,1395.2019323671498,441428.14,314386.95,end_of_year,3.160654715775822,0.8639398998330551,,703.0,6420.0,819.0,262.0,557.0,0.11313717364276833,voluntary_market_all_forms,2015-2021,False,,,,avg_premium_per_exposure=S2 All Companies earned exposure; premium_per_1000_coverage_a=S2 avg Coverage A (end_of_year); nonrenewal_rate=S3 2015-2021 renewed+nonrenewed,False,False,False,False
95949,2018,dwelling_fire,95949,identity,1.0,S2,earned_house_years,815.0,earned,,764734.0,938.3239263803681,337388.9088220859,26417.518907975456,end_of_year,2.7811344766972503,0.13606010016694492,0.1705521472392638,,,,,,,,,False,,,,avg_premium_per_exposure=S2 All Companies earned exposure; premium_per_1000_coverage_a=S2 avg Coverage A (end_of_year),False,False,False,False
95949,2019,admitted_homeowners,95949,identity,1.0,S2;S3,earned_house_years,5072.0,earned,,7176723.0,1414.9690457413249,457485.85,314601.41,end_of_year,3.092924176215122,0.7735244776574653,,2725.0,4812.0,2487.0,1562.0,925.0,0.3407316070694616,voluntary_market_all_forms,2015-2021,False,,,,avg_premium_per_exposure=S2 All Companies earned exposure; premium_per_1000_coverage_a=S2 avg Coverage A (end_of_year); nonrenewal_rate=S3 2015-2021 renewed+nonrenewed,False,False,True,False
95949,2019,dwelling_fire,95949,identity,1.0,S2,earned_house_years,1485.0,earned,,2404004.0,1618.8579124579126,409916.7773939394,82573.37109090909,end_of_year,3.9492355564216224,0.2264755223425347,0.5164983164983165,,,,,,,,,False,,,,avg_premium_per_exposure=S2 All Companies earned exposure; premium_per_1000_coverage_a=S2 avg Coverage A (end_of_year),False,False,True,False
95949,2020,admitted_homeowners,95949,identity,1.0,S2;S3,earned_house_years,5538.0,earned,,7433804.0,1342.3264716504152,484445.71,313717.21,end_of_year,2.7708501570803774,0.6536827195467422,,805.0,4366.0,1202.0,,,0.2158764367816092,voluntary_market_all_forms,2020-2023,True,,,,avg_premium_per_exposure=S2 All Companies earned exposure; premium_per_1000_coverage_a=S2 avg Coverage A (end_of_year); nonrenewal_rate=S3 2020-2023 renewed+nonrenewed,False,False,True,False
95949,2020,dwelling_fire,95949,identity,1.0,S2,earned_house_years,2934.0,earned,,6233366.0,2124.5282890252215,454811.47730061354,110170.54529652352,end_of_year,4.671228399148307,0.34631728045325777,0.7096114519427403,,,,,,,,,False,,,,avg_premium_per_exposure=S2 All Companies earned exposure; premium_per_1000_coverage_a=S2 avg Coverage A (end_of_year),False,False,True,False
95949,2021,admitted_homeowners,95949,identity,1.0,S2;S3,earned_house_years,5607.0,earned,,8493584.0,1514.8179061886926,490312.95,320577.82,start_of_year,3.0894919381360264,0.6300707944712889,,685.0,4221.0,1047.0,,,0.19874715261958997,voluntary_market_all_forms,2020-2023,False,,,,avg_premium_per_exposure=S2 All Companies earned exposure; premium_per_1000_coverage_a=S2 avg Coverage A (start_of_year); nonrenewal_rate=S3 2020-2023 renewed+nonrenewed,False,True,False,False
95949,2021,dwelling_fire,95949,identity,1.0,S2,earned_house_years,3292.0,earned,,8024712.0,2437.640340218712,469071.75982077763,113203.48713244229,start_of_year,5.196732246575839,0.3699292055287111,0.7463547995139733,,,,,,,,,False,,,,avg_premium_per_exposure=S2 All Companies earned exposure; premium_per_1000_coverage_a=S2 avg Coverage A (start_of_year),False,True,False,False
95949,2022,admitted_homeowners,95949,identity,1.0,S2;S3,earned_house_years,5662.0,earned,,10411741.0,1838.8804309431296,527449.43,347495.85,start_of_year,3.4863634812215634,0.6234309623430963,,415.0,4214.0,609.0,,,0.1262699564586357,voluntary_market_all_forms,2020-2023,False,,,,avg_premium_per_exposure=S2 All Companies earned exposure; premium_per_1000_coverage_a=S2 avg Coverage A (start_of_year); nonrenewal_rate=S3 2020-2023 renewed+nonrenewed,False,False,False,False
95949,2022,dwelling_fire,95949,identity,1.0,S2,earned_house_years,3420.0,earned,,9592265.0,2804.7558479532163,511046.2584473684,114381.14034210527,start_of_year,5.488262171167177,0.37656903765690375,0.7605263157894737,,,,,,,,,False,,,,avg_premium_per_exposure=S2 All Companies earned exposure; premium_per_1000_coverage_a=S2 avg Coverage A (start_of_year),False,False,False,False
95949,2022,fair_plan,95949,identity,1.0,S6,dwelling_units,3184.0,,,,,,,,,,,,,,,,,,,False,4739.0,3184.0,0.4018679793007699,fair_plan_share=S6 voluntary+FAIR Plan dwelling units,False,False,False,True
95949,2023,admitted_homeowners,95949,identity,1.0,S2;S3,earned_house_years,5525.0,earned,,11542569.0,2089.1527601809953,569920.15,373332.0,start_of_year,3.665693799703336,0.5999565642306439,,284.0,3573.0,986.0,,,0.21627549901294144,voluntary_market_all_forms,2020-2023,False,,,,avg_premium_per_exposure=S2 All Companies earned exposure; premium_per_1000_coverage_a=S2 avg Coverage A (start_of_year); nonrenewal_rate=S3 2020-2023 renewed+nonrenewed,False,False,False,False
95949,2023,dwelling_fire,95949,identity,1.0,S2,earned_house_years,3684.0,earned,,11255001.0,3055.10342019544,566658.0594218242,115335.41346091205,start_of_year,5.391440868788914,0.4000434357693561,0.7760586319218241,,,,,,,,,False,,,,avg_premium_per_exposure=S2 All Companies earned exposure; premium_per_1000_coverage_a=S2 avg Coverage A (start_of_year),False,False,False,False
95959,2015,admitted_homeowners,95959,identity,1.0,S3,,,,,,,,,,,,,401.0,6432.0,594.0,194.0,400.0,0.08454312553373185,voluntary_market_all_forms,2015-2021,False,,,,nonrenewal_rate=S3 2015-2021 renewed+nonrenewed,False,False,False,True
95959,2016,admitted_homeowners,95959,identity,1.0,S3,,,,,,,,,,,,,521.0,6200.0,596.0,175.0,421.0,0.08769864626250735,voluntary_market_all_forms,2015-2021,False,,,,nonrenewal_rate=S3 2015-2021 renewed+nonrenewed,False,False,False,True
95959,2017,admitted_homeowners,95959,identity,1.0,S3,,,,,,,,,,,,,448.0,6105.0,555.0,161.0,394.0,0.08333333333333333,voluntary_market_all_forms,2015-2021,False,,,,nonrenewal_rate=S3 2015-2021 renewed+nonrenewed,False,False,False,True
95959,2018,admitted_homeowners,95959,identity,1.0,S2;S3,earned_house_years,4985.0,earned,,7810741.0,1566.848746238716,482813.04000000004,342870.85,end_of_year,3.24524943700509,0.8265627590780965,,665.0,5882.0,689.0,208.0,481.0,0.10485466443463703,voluntary_market_all_forms,2015-2021,False,,,,avg_premium_per_exposure=S2 All Companies earned exposure; premium_per_1000_coverage_a=S2 avg Coverage A (end_of_year); nonrenewal_rate=S3 2015-2021 renewed+nonrenewed,False,False,False,False
95959,2018,dwelling_fire,95959,identity,1.0,S2,earned_house_years,1046.0,earned,,985597.0,942.253346080306,324777.183499044,24929.56288718929,end_of_year,2.9012301169952095,0.1734372409219035,0.17782026768642448,,,,,,,,,False,,,,avg_premium_per_exposure=S2 All Companies earned exposure; premium_per_1000_coverage_a=S2 avg Coverage A (end_of_year),False,False,False,False
95959,2019,admitted_homeowners,95959,identity,1.0,S2;S3,earned_house_years,4933.0,earned,,8107406.0,1643.504155686195,501115.57,348471.13,end_of_year,3.2796908619027643,0.7507228732308628,,1862.0,5062.0,1449.0,824.0,625.0,0.2225464598371986,voluntary_market_all_forms,2015-2021,False,,,,avg_premium_per_exposure=S2 All Companies earned exposure; premium_per_1000_coverage_a=S2 avg Coverage A (end_of_year); nonrenewal_rate=S3 2015-2021 renewed+nonrenewed,False,False,True,False
95959,2019,dwelling_fire,95959,identity,1.0,S2,earned_house_years,1638.0,earned,,2471414.0,1508.7997557997558,383053.4923076923,62277.61424908425,end_of_year,3.9388748206159003,0.24927712676913713,0.42124542124542125,,,,,,,,,False,,,,avg_premium_per_exposure=S2 All Companies earned exposure; premium_per_1000_coverage_a=S2 avg Coverage A (end_of_year),False,False,True,False
95959,2020,admitted_homeowners,95959,identity,1.0,S2;S3,earned_house_years,5220.0,earned,,8771942.0,1680.4486590038314,520575.61,352407.93,end_of_year,3.228058761730753,0.636973764490543,,272.0,4790.0,710.0,,,0.1290909090909091,voluntary_market_all_forms,2020-2023,True,,,,avg_premium_per_exposure=S2 All Companies earned exposure; premium_per_1000_coverage_a=S2 avg Coverage A (end_of_year); nonrenewal_rate=S3 2020-2023 renewed+nonrenewed,False,False,True,False
95959,2020,dwelling_fire,95959,identity,1.0,S2,earned_house_years,2975.0,earned,,5887376.0,1978.9499159663865,432847.1231092437,87048.43705882353,end_of_year,4.571937319927459,0.363026235509457,0.6218487394957983,,,,,,,,,False,,,,avg_premium_per_exposure=S2 All Companies earned exposure; premium_per_1000_coverage_a=S2 avg Coverage A (end_of_year),False,False,True,False
95959,2021,admitted_homeowners,95959,identity,1.0,S2;S3,earned_house_years,5290.0,earned,,9912692.0,1873.854820415879,524996.16,353070.36,start_of_year,3.5692733836679467,0.6084656084656085,,279.0,4513.0,720.0,,,0.1375883814255685,voluntary_market_all_forms,2020-2023,False,,,,avg_premium_per_exposure=S2 All Companies earned exposure; premium_per_1000_coverage_a=S2 avg Coverage A (start_of_year); nonrenewal_rate=S3 2020-2023 renewed+nonrenewed,False,True,False,False
95959,2021,dwelling_fire,95959,identity,1.0,S2,earned_house_years,3404.0,earned,,7807140.0,2293.5193889541715,448943.7859106933,90964.78990599296,start_of_year,5.108700601126959,0.3915343915343915,0.6556991774383079,,,,,,,,,False,,,,avg_premium_per_exposure=S2 All Companies earned exposure; premium_per_1000_coverage_a=S2 avg Coverage A (start_of_year),False,True,False,False
95959,2022,admitted_homeowners,95959,identity,1.0,S2;S3,earned_house_years,5322.0,earned,,11619926.0,2183.3757985719653,563833.59,376920.58,start_of_year,3.872376242380248,0.5958351992834752,,220.0,4236.0,496.0,,,0.10481825866441251,voluntary_market_all_forms,2020-2023,False,,,,avg_premium_per_exposure=S2 All Companies earned exposure; premium_per_1000_coverage_a=S2 avg Coverage A (start_of_year); nonrenewal_rate=S3 2020-2023 renewed+nonrenewed,False,False,False,False
95959,2022,dwelling_fire,95959,identity,1.0,S2,earned_house_years,3610.0,earned,,9765013.0,2704.989750692521,496982.3666897507,93699.42334626037,start_of_year,5.442828422081933,0.40416480071652483,0.6839335180055401,,,,,,,,,False,,,,avg_premium_per_exposure=S2 All Companies earned exposure; premium_per_1000_coverage_a=S2 avg Coverage A (start_of_year),False,False,False,False
95959,2022,fair_plan,95959,identity,1.0,S6,dwelling_units,2866.0,,,,,,,,,,,,,,,,,,,False,4486.0,2866.0,0.3898258977149075,fair_plan_share=S6 voluntary+FAIR Plan dwelling units,False,False,False,True
95959,2023,admitted_homeowners,95959,identity,1.0,S2;S3,earned_house_years,5137.0,earned,,12000751.0,2336.1399649600935,608227.9,396643.69,start_of_year,3.840895764498954,0.5641954969796815,,172.0,3451.0,832.0,,,0.19425636236282978,voluntary_market_all_forms,2020-2023,False,,,,avg_premium_per_exposure=S2 All Companies earned exposure; premium_per_1000_coverage_a=S2 avg Coverage A (start_of_year); nonrenewal_rate=S3 2020-2023 renewed+nonrenewed,False,False,False,False
95959,2023,dwelling_fire,95959,identity,1.0,S2,earned_house_years,3968.0,earned,,11838942.0,2983.6043346774195,561434.4016154234,98275.7831123992,start_of_year,5.314252789092816,0.4358045030203185,0.6988407258064516,,,,,,,,,False,,,,avg_premium_per_exposure=S2 All Companies earned exposure; premium_per_1000_coverage_a=S2 avg Coverage A (start_of_year),False,False,False,False
95960,2015,admitted_homeowners,95960,identity,1.0,S3,,,,,,,,,,,,,9.0,193.0,27.0,13.0,14.0,0.12272727272727273,voluntary_market_all_forms,2015-2021,False,,,,nonrenewal_rate=S3 2015-2021 renewed+nonrenewed,False,False,False,True
95960,2016,admitted_homeowners,95960,identity,1.0,S3,,,,,,,,,,,,,13.0,181.0,22.0,8.0,14.0,0.10837438423645321,voluntary_market_all_forms,2015-2021,False,,,,nonrenewal_rate=S3 2015-2021 renewed+nonrenewed,False,False,False,True
95960,2017,admitted_homeowners,95960,identity,1.0,S3,,,,,,,,,,,,,14.0,169.0,18.0,9.0,9.0,0.0962566844919786,voluntary_market_all_forms,2015-2021,False,,,,nonrenewal_rate=S3 2015-2021 renewed+nonrenewed,False,False,False,True
95960,2018,admitted_homeowners,95960,identity,1.0,S2;S3,earned_house_years,154.0,earned,,222135.0,1442.435064935065,384818.52,254994.31000000003,end_of_year,3.748351469505846,0.8279569892473119,,20.0,160.0,29.0,16.0,13.0,0.15343915343915343,voluntary_market_all_forms,2015-2021,False,,,,avg_premium_per_exposure=S2 All Companies earned exposure; premium_per_1000_coverage_a=S2 avg Coverage A (end_of_year); nonrenewal_rate=S3 2015-2021 renewed+nonrenewed,False,False,False,False
95960,2018,dwelling_fire,95960,identity,1.0,S2,earned_house_years,32.0,earned,,38868.0,1214.625,261125.4175,29963.2025,end_of_year,4.651500461459291,0.17204301075268819,0.375,,,,,,,,,False,,,,avg_premium_per_exposure=S2 All Companies earned exposure; premium_per_1000_coverage_a=S2 avg Coverage A (end_of_year),False,False,False,False
95960,2019,admitted_homeowners,95960,identity,1.0,S2;S3,earned_house_years,131.0,earned,,200812.0,1532.9160305343512,401163.66,261120.7,end_of_year,3.821173708840804,0.7043010752688172,,47.0,127.0,38.0,25.0,13.0,0.23030303030303031,voluntary_market_all_forms,2015-2021,False,,,,avg_premium_per_exposure=S2 All Companies earned exposure; premium_per_1000_coverage_a=S2 avg Coverage A (end_of_year); nonrenewal_rate=S3 2015-2021 renewed+nonrenewed,False,False,True,False
95960,2019,dwelling_fire,95960,identity,1.0,S2,earned_house_years,55.0,earned,,84933.0,1544.2363636363636,288956.3054545454,52714.8590909091,end_of_year,5.344186420182762,0.2956989247311828,0.41818181818181815,,,,,,,,,False,,,,avg_premium_per_exposure=S2 All Companies earned exposure; premium_per_1000_coverage_a=S2 avg Coverage A (end_of_year),False,False,True,False
95960,2020,admitted_homeowners,95960,identity,1.0,S2;S3,earned_house_years,113.0,earned,,180818.0,1600.1592920353983,394224.89,241555.43,end_of_year,4.059001175789277,0.551219512195122,,11.0,121.0,17.0,,,0.12318840579710146,voluntary_market_all_forms,2020-2023,True,,,,avg_premium_per_exposure=S2 All Companies earned exposure; premium_per_1000_coverage_a=S2 avg Coverage A (end_of_year); nonrenewal_rate=S3 2020-2023 renewed+nonrenewed,False,False,True,False
95960,2020,dwelling_fire,95960,identity,1.0,S2,earned_house_years,92.0,earned,,205310.0,2231.6304347826085,324635.5552173913,71573.20532608696,end_of_year,6.874263767221072,0.44878048780487806,0.6195652173913043,,,,,,,,,False,,,,avg_premium_per_exposure=S2 All Companies earned exposure; premium_per_1000_coverage_a=S2 avg Coverage A (end_of_year),False,False,True,False
95960,2021,admitted_homeowners,95960,identity,1.0,S2;S3,earned_house_years,115.0,earned,,212108.0,1844.4173913043478,408614.55,249511.58,start_of_year,4.513831901738076,0.5088495575221239,,4.0,128.0,12.0,,,0.08571428571428572,voluntary_market_all_forms,2020-2023,False,,,,avg_premium_per_exposure=S2 All Companies earned exposure; premium_per_1000_coverage_a=S2 avg Coverage A (start_of_year); nonrenewal_rate=S3 2020-2023 renewed+nonrenewed,False,True,False,False
95960,2021,dwelling_fire,95960,identity,1.0,S2,earned_house_years,111.0,earned,,279725.0,2520.045045045045,340468.48900900903,71910.55873873873,start_of_year,7.401698325680773,0.4911504424778761,0.6396396396396397,,,,,,,,,False,,,,avg_premium_per_exposure=S2 All Companies earned exposure; premium_per_1000_coverage_a=S2 avg Coverage A (start_of_year),False,True,False,False
95960,2022,admitted_homeowners,95960,identity,1.0,S2;S3,earned_house_years,109.0,earned,,229458.0,2105.119266055046,442610.76,274474.82,start_of_year,4.756141188377449,0.4801762114537445,,3.0,108.0,18.0,,,0.14285714285714285,voluntary_market_all_forms,2020-2023,False,,,,avg_premium_per_exposure=S2 All Companies earned exposure; premium_per_1000_coverage_a=S2 avg Coverage A (start_of_year); nonrenewal_rate=S3 2020-2023 renewed+nonrenewed,False,False,False,False
95960,2022,dwelling_fire,95960,identity,1.0,S2,earned_house_years,118.0,earned,,339934.0,2880.7966101694915,374830.1362711864,73743.81838983051,start_of_year,7.685605642138816,0.5198237885462555,0.635593220338983,,,,,,,,,False,,,,avg_premium_per_exposure=S2 All Companies earned exposure; premium_per_1000_coverage_a=S2 avg Coverage A (start_of_year),False,False,False,False
95960,2022,fair_plan,95960,identity,1.0,S6,dwelling_units,97.0,,,,,,,,,,,,,,,,,,,False,139.0,97.0,0.4110169491525424,fair_plan_share=S6 voluntary+FAIR Plan dwelling units,False,False,False,True
95960,2023,admitted_homeowners,95960,identity,1.0,S2;S3,earned_house_years,101.0,earned,,225524.0,2232.910891089109,425912.31,279278.65,start_of_year,5.242654036200807,0.45495495495495497,,0.0,92.0,19.0,,,0.17117117117117117,voluntary_market_all_forms,2020-2023,False,,,,avg_premium_per_exposure=S2 All Companies earned exposure; premium_per_1000_coverage_a=S2 avg Coverage A (start_of_year); nonrenewal_rate=S3 2020-2023 renewed+nonrenewed,False,False,False,False
95960,2023,dwelling_fire,95960,identity,1.0,S2,earned_house_years,121.0,earned,,367694.0,3038.793388429752,405756.4228099173,76343.90347107439,start_of_year,7.489205882153887,0.545045045045045,0.6528925619834711,,,,,,,,,False,,,,avg_premium_per_exposure=S2 All Companies earned exposure; premium_per_1000_coverage_a=S2 avg Coverage A (start_of_year),False,False,False,False
95975,2015,admitted_homeowners,95975,identity,1.0,S3,,,,,,,,,,,,,40.0,541.0,65.0,22.0,43.0,0.10726072607260725,voluntary_market_all_forms,2015-2021,False,,,,nonrenewal_rate=S3 2015-2021 renewed+nonrenewed,False,False,False,True
95975,2016,admitted_homeowners,95975,identity,1.0,S3,,,,,,,,,,,,,34.0,536.0,43.0,18.0,25.0,0.07426597582037997,voluntary_market_all_forms,2015-2021,False,,,,nonrenewal_rate=S3 2015-2021 renewed+nonrenewed,False,False,False,True
95975,2017,admitted_homeowners,95975,identity,1.0,S3,,,,,,,,,,,,,32.0,498.0,54.0,28.0,26.0,0.09782608695652174,voluntary_market_all_forms,2015-2021,False,,,,nonrenewal_rate=S3 2015-2021 renewed+nonrenewed,False,False,False,True
95975,2018,admitted_homeowners,95975,identity,1.0,S2;S3,earned_house_years,375.0,earned,,513260.0,1368.6933333333334,398894.24,287707.36,end_of_year,3.431218594014628,0.8484162895927602,,54.0,480.0,60.0,21.0,39.0,0.1111111111111111,voluntary_market_all_forms,2015-2021,False,,,,avg_premium_per_exposure=S2 All Companies earned exposure; premium_per_1000_coverage_a=S2 avg Coverage A (end_of_year); nonrenewal_rate=S3 2015-2021 renewed+nonrenewed,False,False,False,False
95975,2018,dwelling_fire,95975,identity,1.0,S2,earned_house_years,67.0,earned,,62745.0,936.4925373134329,299204.18791044777,18932.845373134325,end_of_year,3.1299446169307177,0.1515837104072398,0.11940298507462686,,,,,,,,,False,,,,avg_premium_per_exposure=S2 All Companies earned exposure; premium_per_1000_coverage_a=S2 avg Coverage A (end_of_year),False,False,False,False
95975,2019,admitted_homeowners,95975,identity,1.0,S2;S3,earned_house_years,362.0,earned,,519068.0,1433.889502762431,418902.84,296711.45,end_of_year,3.4229643865924397,0.7494824016563147,,153.0,407.0,147.0,86.0,61.0,0.26534296028880866,voluntary_market_all_forms,2015-2021,False,,,,avg_premium_per_exposure=S2 All Companies earned exposure; premium_per_1000_coverage_a=S2 avg Coverage A (end_of_year); nonrenewal_rate=S3 2015-2021 renewed+nonrenewed,False,False,True,False
95975,2019,dwelling_fire,95975,identity,1.0,S2,earned_house_years,121.0,earned,,191605.0,1583.5123966942149,353948.20223140495,70265.20619834712,end_of_year,4.473853481134347,0.2505175983436853,0.48760330578512395,,,,,,,,,False,,,,avg_premium_per_exposure=S2 All Companies earned exposure; premium_per_1000_coverage_a=S2 avg Coverage A (end_of_year),False,False,True,False
95975,2020,admitted_homeowners,95975,identity,1.0,S2;S3,earned_house_years,389.0,earned,,536054.0,1378.030848329049,428552.01000000007,293614.85,end_of_year,3.2155510093840154,0.620414673046252,,23.0,372.0,69.0,,,0.1564625850340136,voluntary_market_all_forms,2020-2023,True,,,,avg_premium_per_exposure=S2 All Companies earned exposure; premium_per_1000_coverage_a=S2 avg Coverage A (end_of_year); nonrenewal_rate=S3 2020-2023 renewed+nonrenewed,False,False,True,False
95975,2020,dwelling_fire,95975,identity,1.0,S2,earned_house_years,238.0,earned,,498839.0,2095.9621848739494,397504.36529411766,91050.74147058823,end_of_year,5.272802937203281,0.379585326953748,0.6764705882352942,,,,,,,,,False,,,,avg_premium_per_exposure=S2 All Companies earned exposure; premium_per_1000_coverage_a=S2 avg Coverage A (end_of_year),False,False,True,False
95975,2021,admitted_homeowners,95975,identity,1.0,S2;S3,earned_house_years,402.0,earned,,627221.0,1560.2512437810944,433179.74,297545.95,start_of_year,3.6018564575090575,0.5920471281296024,,21.0,360.0,37.0,,,0.09319899244332494,voluntary_market_all_forms,2020-2023,False,,,,avg_premium_per_exposure=S2 All Companies earned exposure; premium_per_1000_coverage_a=S2 avg Coverage A (start_of_year); nonrenewal_rate=S3 2020-2023 renewed+nonrenewed,False,True,False,False
95975,2021,dwelling_fire,95975,identity,1.0,S2,earned_house_years,277.0,earned,,664282.0,2398.129963898917,407741.6488086642,94653.09581227438,start_of_year,5.881493761811558,0.40795287187039764,0.7003610108303249,,,,,,,,,False,,,,avg_premium_per_exposure=S2 All Companies earned exposure; premium_per_1000_coverage_a=S2 avg Coverage A (start_of_year),False,True,False,False
95975,2022,admitted_homeowners,95975,identity,1.0,S2;S3,earned_house_years,412.0,earned,,770376.0,1869.8446601941748,468654.95,320008.59,start_of_year,3.9898109690171304,0.5962373371924746,,8.0,354.0,22.0,,,0.05851063829787234,voluntary_market_all_forms,2020-2023,False,,,,avg_premium_per_exposure=S2 All Companies earned exposure; premium_per_1000_coverage_a=S2 avg Coverage A (start_of_year); nonrenewal_rate=S3 2020-2023 renewed+nonrenewed,False,False,False,False
95975,2022,dwelling_fire,95975,identity,1.0,S2,earned_house_years,279.0,earned,,757887.0,2716.440860215054,452695.6115053763,94488.61193548386,start_of_year,6.00059022260434,0.4037626628075253,0.7204301075268817,,,,,,,,,False,,,,avg_premium_per_exposure=S2 All Companies earned exposure; premium_per_1000_coverage_a=S2 avg Coverage A (start_of_year),False,False,False,False
95975,2022,fair_plan,95975,identity,1.0,S6,dwelling_units,243.0,,,,,,,,,,,,,,,,,,,False,379.0,243.0,0.39067524115755625,fair_plan_share=S6 voluntary+FAIR Plan dwelling units,False,False,False,True
95975,2023,admitted_homeowners,95975,identity,1.0,S2;S3,earned_house_years,398.0,earned,,814413.0,2046.2638190954774,507675.39,336518.47,start_of_year,4.030653956055418,0.5621468926553672,,14.0,278.0,75.0,,,0.21246458923512748,voluntary_market_all_forms,2020-2023,False,,,,avg_premium_per_exposure=S2 All Companies earned exposure; premium_per_1000_coverage_a=S2 avg Coverage A (start_of_year); nonrenewal_rate=S3 2020-2023 renewed+nonrenewed,False,False,False,False
95975,2023,dwelling_fire,95975,identity,1.0,S2,earned_house_years,310.0,earned,,920220.0,2968.451612903226,511838.5838064517,99300.59438709677,start_of_year,5.799585468581489,0.4378531073446328,0.7354838709677419,,,,,,,,,False,,,,avg_premium_per_exposure=S2 All Companies earned exposure; premium_per_1000_coverage_a=S2 avg Coverage A (start_of_year),False,False,False,False
95977,2015,admitted_homeowners,95977,identity,1.0,S3,,,,,,,,,,,,,65.0,486.0,63.0,12.0,51.0,0.11475409836065574,voluntary_market_all_forms,2015-2021,False,,,,nonrenewal_rate=S3 2015-2021 renewed+nonrenewed,False,False,False,True
95977,2016,admitted_homeowners,95977,identity,1.0,S3,,,,,,,,,,,,,40.0,492.0,48.0,11.0,37.0,0.08888888888888889,voluntary_market_all_forms,2015-2021,False,,,,nonrenewal_rate=S3 2015-2021 renewed+nonrenewed,False,False,False,True
95977,2017,admitted_homeowners,95977,identity,1.0,S3,,,,,,,,,,,,,59.0,472.0,60.0,18.0,42.0,0.11278195488721804,voluntary_market_all_forms,2015-2021,False,,,,nonrenewal_rate=S3 2015-2021 renewed+nonrenewed,False,False,False,True
95977,2018,admitted_homeowners,95977,identity,1.0,S2;S3,earned_house_years,358.0,earned,,436405.0,1219.008379888268,363502.14,254932.05,end_of_year,3.3535108758596803,0.8483412322274881,,77.0,459.0,77.0,23.0,54.0,0.14365671641791045,voluntary_market_all_forms,2015-2021,False,,,,avg_premium_per_exposure=S2 All Companies earned exposure; premium_per_1000_coverage_a=S2 avg Coverage A (end_of_year); nonrenewal_rate=S3 2015-2021 renewed+nonrenewed,False,False,False,False
95977,2018,dwelling_fire,95977,identity,1.0,S2,earned_house_years,64.0,earned,,64711.0,1011.109375,290618.440625,24651.259843750002,end_of_year,3.479164545875073,0.15165876777251186,0.171875,,,,,,,,,False,,,,avg_premium_per_exposure=S2 All Companies earned exposure; premium_per_1000_coverage_a=S2 avg Coverage A (end_of_year),False,False,False,False
95977,2019,admitted_homeowners,95977,identity,1.0,S2;S3,earned_house_years,360.0,earned,,464610.0,1290.5833333333333,384268.87,266736.69,end_of_year,3.3585425052342472,0.8200455580865603,,101.0,445.0,92.0,47.0,45.0,0.1713221601489758,voluntary_market_all_forms,2015-2021,False,,,,avg_premium_per_exposure=S2 All Companies earned exposure; premium_per_1000_coverage_a=S2 avg Coverage A (end_of_year); nonrenewal_rate=S3 2015-2021 renewed+nonrenewed,False,False,False,False
95977,2019,dwelling_fire,95977,identity,1.0,S2,earned_house_years,79.0,earned,,113661.0,1438.746835443038,332699.0035443038,49104.94481012658,end_of_year,4.324469926617762,0.17995444191343962,0.31645569620253167,,,,,,,,,False,,,,avg_premium_per_exposure=S2 All Companies earned exposure; premium_per_1000_coverage_a=S2 avg Coverage A (end_of_year),False,False,True,False
95977,2020,admitted_homeowners,95977,identity,1.0,S2;S3,earned_house_years,360.0,earned,,489199.0,1358.8861111111112,408706.97,277038.11,end_of_year,3.324842028290125,0.718562874251497,,76.0,390.0,100.0,,,0.20408163265306123,voluntary_market_all_forms,2020-2023,True,,,,avg_premium_per_exposure=S2 All Companies earned exposure; premium_per_1000_coverage_a=S2 avg Coverage A (end_of_year); nonrenewal_rate=S3 2020-2023 renewed+nonrenewed,False,False,True,False
95977,2020,dwelling_fire,95977,identity,1.0,S2,earned_house_years,141.0,earned,,316115.0,2241.950354609929,378370.7822695035,82730.88659574468,end_of_year,5.9252734610280955,0.281437125748503,0.5390070921985816,,,,,,,,,False,,,,avg_premium_per_exposure=S2 All Companies earned exposure; premium_per_1000_coverage_a=S2 avg Coverage A (end_of_year),False,False,True,False
95977,2021,admitted_homeowners,95977,identity,1.0,S2;S3,earned_house_years,354.0,earned,,550632.0,1555.457627118644,418561.18999999994,281530.77,start_of_year,3.7162012730292657,0.6820809248554913,,48.0,385.0,82.0,,,0.17558886509635974,voluntary_market_all_forms,2020-2023,False,,,,avg_premium_per_exposure=S2 All Companies earned exposure; premium_per_1000_coverage_a=S2 avg Coverage A (start_of_year); nonrenewal_rate=S3 2020-2023 renewed+nonrenewed,False,True,False,False
95977,2021,dwelling_fire,95977,identity,1.0,S2,earned_house_years,165.0,earned,,436129.0,2643.2060606060604,393318.884,86210.704,start_of_year,6.720262281141987,0.3179190751445087,0.6,,,,,,,,,False,,,,avg_premium_per_exposure=S2 All Companies earned exposure; premium_per_1000_coverage_a=S2 avg Coverage A (start_of_year),False,True,False,False
95977,2022,admitted_homeowners,95977,identity,1.0,S2;S3,earned_house_years,372.0,earned,,716084.0,1924.9569892473119,458256.27,311988.04,start_of_year,4.200612441696241,0.6876155268022182,,54.0,361.0,86.0,,,0.19239373601789708,voluntary_market_all_forms,2020-2023,False,,,,avg_premium_per_exposure=S2 All Companies earned exposure; premium_per_1000_coverage_a=S2 avg Coverage A (start_of_year); nonrenewal_rate=S3 2020-2023 renewed+nonrenewed,False,False,False,False
95977,2022,dwelling_fire,95977,identity,1.0,S2,earned_house_years,169.0,earned,,548969.0,3248.337278106509,422573.3410059171,88592.35591715976,start_of_year,7.68703787696116,0.3123844731977819,0.6804733727810651,,,,,,,,,False,,,,avg_premium_per_exposure=S2 All Companies earned exposure; premium_per_1000_coverage_a=S2 avg Coverage A (start_of_year),False,False,False,False
95977,2022,fair_plan,95977,identity,1.0,S6,dwelling_units,160.0,,,,,,,,,,,,,,,,,,,False,421.0,160.0,0.27538726333907054,fair_plan_share=S6 voluntary+FAIR Plan dwelling units,False,False,False,True
95977,2023,admitted_homeowners,95977,identity,1.0,S2;S3,earned_house_years,370.0,earned,,825316.0,2230.583783783784,496416.93,335213.77,start_of_year,4.493367669357659,0.6678700361010831,,32.0,311.0,86.0,,,0.21662468513853905,voluntary_market_all_forms,2020-2023,False,,,,avg_premium_per_exposure=S2 All Companies earned exposure; premium_per_1000_coverage_a=S2 avg Coverage A (start_of_year); nonrenewal_rate=S3 2020-2023 renewed+nonrenewed,False,False,False,False
95977,2023,dwelling_fire,95977,identity,1.0,S2,earned_house_years,184.0,earned,,653699.0,3552.711956521739,456538.63538043475,87316.33619565217,start_of_year,7.781842939888878,0.33212996389891697,0.7119565217391305,,,,,,,,,False,,,,avg_premium_per_exposure=S2 All Companies earned exposure; premium_per_1000_coverage_a=S2 avg Coverage A (start_of_year),False,False,False,False
95986,2015,admitted_homeowners,95986,identity,1.0,S3,,,,,,,,,,,,,2.0,53.0,10.0,3.0,7.0,0.15873015873015872,voluntary_market_all_forms,2015-2021,False,,,,nonrenewal_rate=S3 2015-2021 renewed+nonrenewed,False,False,False,True
95986,2016,admitted_homeowners,95986,identity,1.0,S3,,,,,,,,,,,,,3.0,47.0,5.0,3.0,2.0,0.09615384615384616,voluntary_market_all_forms,2015-2021,False,,,,nonrenewal_rate=S3 2015-2021 renewed+nonrenewed,False,False,False,True
95986,2017,admitted_homeowners,95986,identity,1.0,S3,,,,,,,,,,,,,2.0,44.0,5.0,1.0,4.0,0.10204081632653061,voluntary_market_all_forms,2015-2021,False,,,,nonrenewal_rate=S3 2015-2021 renewed+nonrenewed,False,False,False,True
95986,2018,admitted_homeowners,95986,identity,1.0,S2;S3,earned_house_years,35.0,earned,,37595.0,1074.142857142857,261975.75999999998,183028.69,end_of_year,4.100161240653933,0.8974358974358975,,5.0,41.0,2.0,1.0,1.0,0.046511627906976744,voluntary_market_all_forms,2015-2021,False,,,,avg_premium_per_exposure=S2 All Companies earned exposure; premium_per_1000_coverage_a=S2 avg Coverage A (end_of_year); nonrenewal_rate=S3 2015-2021 renewed+nonrenewed,False,False,False,False
95986,2018,dwelling_fire,95986,identity,1.0,S2,earned_house_years,4.0,earned,,7689.0,1922.25,474745.49,46096.67,end_of_year,4.049011608304062,0.10256410256410256,1.0,,,,,,,,,False,,,,avg_premium_per_exposure=S2 All Companies earned exposure; premium_per_1000_coverage_a=S2 avg Coverage A (end_of_year),False,False,False,False
95986,2019,admitted_homeowners,95986,identity,1.0,S2;S3,earned_house_years,35.0,earned,,39598.0,1131.3714285714286,365212.54,234225.45,end_of_year,3.097843870781186,0.8333333333333334,,10.0,38.0,12.0,6.0,6.0,0.24,voluntary_market_all_forms,2015-2021,False,,,,avg_premium_per_exposure=S2 All Companies earned exposure; premium_per_1000_coverage_a=S2 avg Coverage A (end_of_year); nonrenewal_rate=S3 2015-2021 renewed+nonrenewed,False,False,True,False
95986,2019,dwelling_fire,95986,identity,1.0,S2,earned_house_years,7.0,earned,,16328.0,2332.5714285714284,433818.29,45657.56,end_of_year,5.37683975604493,0.16666666666666666,1.0,,,,,,,,,False,,,,avg_premium_per_exposure=S2 All Companies earned exposure; premium_per_1000_coverage_a=S2 avg Coverage A (end_of_year),False,False,True,False
95986,2020,admitted_homeowners,95986,identity,1.0,S2;S3,earned_house_years,32.0,earned,,40390.0,1262.1875,315198.97,211271.25,end_of_year,4.004415052498427,0.6666666666666666,,0.0,32.0,4.0,,,0.1111111111111111,voluntary_market_all_forms,2020-2023,True,,,,avg_premium_per_exposure=S2 All Companies earned exposure; premium_per_1000_coverage_a=S2 avg Coverage A (end_of_year); nonrenewal_rate=S3 2020-2023 renewed+nonrenewed,False,False,True,False
95986,2020,dwelling_fire,95986,identity,1.0,S2,earned_house_years,16.0,earned,,46489.0,2905.5625,389510.3625,59811.7875,end_of_year,7.459525547282455,0.3333333333333333,0.9375,,,,,,,,,False,,,,avg_premium_per_exposure=S2 All Companies earned exposure; premium_per_1000_coverage_a=S2 avg Coverage A (end_of_year),False,False,True,False
95986,2021,admitted_homeowners,95986,identity,1.0,S2;S3,earned_house_years,31.0,earned,,45289.0,1460.9354838709678,316209.13,221254.13,start_of_year,4.6201559198210616,0.6326530612244898,,1.0,29.0,9.0,,,0.23684210526315788,voluntary_market_all_forms,2020-2023,False,,,,avg_premium_per_exposure=S2 All Companies earned exposure; premium_per_1000_coverage_a=S2 avg Coverage A (start_of_year); nonrenewal_rate=S3 2020-2023 renewed+nonrenewed,False,True,False,False
95986,2021,dwelling_fire,95986,identity,1.0,S2,earned_house_years,18.0,earned,,70152.0,3897.3333333333335,388754.3644444444,68315.34999999999,start_of_year,10.025182196739783,0.3673469387755102,0.9444444444444444,,,,,,,,,False,,,,avg_premium_per_exposure=S2 All Companies earned exposure; premium_per_1000_coverage_a=S2 avg Coverage A (start_of_year),False,True,False,False
95986,2022,admitted_homeowners,95986,identity,1.0,S2;S3,earned_house_years,30.0,earned,,53239.0,1774.6333333333334,336191.6,233825.31,start_of_year,5.278636745633542,0.5882352941176471,,0.0,26.0,4.0,,,0.13333333333333333,voluntary_market_all_forms,2020-2023,False,,,,avg_premium_per_exposure=S2 All Companies earned exposure; premium_per_1000_coverage_a=S2 avg Coverage A (start_of_year); nonrenewal_rate=S3 2020-2023 renewed+nonrenewed,False,False,False,False
95986,2022,dwelling_fire,95986,identity,1.0,S2,earned_house_years,21.0,earned,,89895.0,4280.714285714285,390353.7638095238,73130.36666666667,start_of_year,10.966243142984254,0.4117647058823529,0.9047619047619048,,,,,,,,,False,,,,avg_premium_per_exposure=S2 All Companies earned exposure; premium_per_1000_coverage_a=S2 avg Coverage A (start_of_year),False,False,False,False
95986,2022,fair_plan,95986,identity,1.0,S6,dwelling_units,25.0,,,,,,,,,,,,,,,,,,,False,25.0,25.0,0.5,fair_plan_share=S6 voluntary+FAIR Plan dwelling units,False,False,False,True
95986,2023,admitted_homeowners,95986,identity,1.0,S2;S3,earned_house_years,25.0,earned,,48830.0,1953.2,369582.88,258491.88,start_of_year,5.284876831957151,0.5434782608695652,,0.0,19.0,9.0,,,0.32142857142857145,voluntary_market_all_forms,2020-2023,False,,,,avg_premium_per_exposure=S2 All Companies earned exposure; premium_per_1000_coverage_a=S2 avg Coverage A (start_of_year); nonrenewal_rate=S3 2020-2023 renewed+nonrenewed,False,False,False,False
95986,2023,dwelling_fire,95986,identity,1.0,S2,earned_house_years,21.0,earned,,95105.0,4528.809523809524,397940.5419047619,69994.69714285714,start_of_year,11.380618577167724,0.45652173913043476,0.9047619047619048,,,,,,,,,False,,,,avg_premium_per_exposure=S2 All Companies earned exposure; premium_per_1000_coverage_a=S2 avg Coverage A (start_of_year),False,False,False,False
