zcta,geo_tier,county_fips_main,hu2020,cdi_avg_fire_risk_2018,cdi_avg_fire_risk_2018_source,cdi_avg_fire_risk_2018_vintage,cdi_avg_fire_risk_2018_aggregation_method,cdi_avg_fire_risk_2018_pretreatment,cdi_high_extreme_share_2018,cdi_high_extreme_share_2018_source,cdi_high_extreme_share_2018_vintage,cdi_high_extreme_share_2018_aggregation_method,cdi_high_extreme_share_2018_pretreatment,cdi_avg_fire_risk_2023,cdi_avg_fire_risk_2023_source,cdi_avg_fire_risk_2023_vintage,cdi_avg_fire_risk_2023_aggregation_method,cdi_avg_fire_risk_2023_pretreatment,cdi_high_extreme_share_2023,cdi_high_extreme_share_2023_source,cdi_high_extreme_share_2023_vintage,cdi_high_extreme_share_2023_aggregation_method,cdi_high_extreme_share_2023_pretreatment,cdi_risk_missing,burned,burned_event_ids,structures_destroyed,structures_major_damage,first_burn_date,spillover_candidate,spillover_event_ids,moratorium_event_ids
89439,region,06091,1051,,"CDI SB 824 Wildfire Risk Information data (docs/sources.md S2), Fire Risk Scores slice","calendar year 2018, 2024 report","ZIP-year mean of Avg Fire Risk (0-4) weighted by scored policy count N+L+M+H+E, summed over policy forms HO RT CO MH DO DT (FP excluded); USPS ZIP to 2020 ZCTA by identity",1,,"CDI SB 824 Wildfire Risk Information data (docs/sources.md S2), Fire Risk Scores slice","calendar year 2018, 2024 report","ZIP-year (Count H + Count E) / (N+L+M+H+E), summed over policy forms HO RT CO MH DO DT (FP excluded); USPS ZIP to 2020 ZCTA by identity",1,,"CDI SB 824 Wildfire Risk Information data (docs/sources.md S2), Fire Risk Scores slice","calendar year 2023, 2024 report","ZIP-year mean of Avg Fire Risk (0-4) weighted by scored policy count N+L+M+H+E, summed over policy forms HO RT CO MH DO DT (FP excluded); USPS ZIP to 2020 ZCTA by identity",0,,"CDI SB 824 Wildfire Risk Information data (docs/sources.md S2), Fire Risk Scores slice","calendar year 2023, 2024 report","ZIP-year (Count H + Count E) / (N+L+M+H+E), summed over policy forms HO RT CO MH DO DT (FP excluded); USPS ZIP to 2020 ZCTA by identity",0,1,0,,0,0,,0,,
95602,fringe,06061,7843,1.9618,"CDI SB 824 Wildfire Risk Information data (docs/sources.md S2), Fire Risk Scores slice","calendar year 2018, 2024 report","ZIP-year mean of Avg Fire Risk (0-4) weighted by scored policy count N+L+M+H+E, summed over policy forms HO RT CO MH DO DT (FP excluded); USPS ZIP to 2020 ZCTA by identity",1,0.4192,"CDI SB 824 Wildfire Risk Information data (docs/sources.md S2), Fire Risk Scores slice","calendar year 2018, 2024 report","ZIP-year (Count H + Count E) / (N+L+M+H+E), summed over policy forms HO RT CO MH DO DT (FP excluded); USPS ZIP to 2020 ZCTA by identity",1,2.2262,"CDI SB 824 Wildfire Risk Information data (docs/sources.md S2), Fire Risk Scores slice","calendar year 2023, 2024 report","ZIP-year mean of Avg Fire Risk (0-4) weighted by scored policy count N+L+M+H+E, summed over policy forms HO RT CO MH DO DT (FP excluded); USPS ZIP to 2020 ZCTA by identity",0,0.4748,"CDI SB 824 Wildfire Risk Information data (docs/sources.md S2), Fire Risk Scores slice","calendar year 2023, 2024 report","ZIP-year (Count H + Count E) / (N+L+M+H+E), summed over policy forms HO RT CO MH DO DT (FP excluded); USPS ZIP to 2020 ZCTA by identity",0,0,0,,0,0,,1,FIRE_2017_MCCOURTNEY;FIRE_2021_RIVER;FIRE_2022_STILL,MOR_2021_08_05
95603,region,06061,12362,1.5385,"CDI SB 824 Wildfire Risk Information data (docs/sources.md S2), Fire Risk Scores slice","calendar year 2018, 2024 report","ZIP-year mean of Avg Fire Risk (0-4) weighted by scored policy count N+L+M+H+E, summed over policy forms HO RT CO MH DO DT (FP excluded); USPS ZIP to 2020 ZCTA by identity",1,0.2137,"CDI SB 824 Wildfire Risk Information data (docs/sources.md S2), Fire Risk Scores slice","calendar year 2018, 2024 report","ZIP-year (Count H + Count E) / (N+L+M+H+E), summed over policy forms HO RT CO MH DO DT (FP excluded); USPS ZIP to 2020 ZCTA by identity",1,1.7346,"CDI SB 824 Wildfire Risk Information data (docs/sources.md S2), Fire Risk Scores slice","calendar year 2023, 2024 report","ZIP-year mean of Avg Fire Risk (0-4) weighted by scored policy count N+L+M+H+E, summed over policy forms HO RT CO MH DO DT (FP excluded); USPS ZIP to 2020 ZCTA by identity",0,0.2445,"CDI SB 824 Wildfire Risk Information data (docs/sources.md S2), Fire Risk Scores slice","calendar year 2023, 2024 report","ZIP-year (Count H + Count E) / (N+L+M+H+E), summed over policy forms HO RT CO MH DO DT (FP excluded); USPS ZIP to 2020 ZCTA by identity",0,0,0,,0,0,,1,FIRE_2022_MOSQUITO,MOR_2021_08_05;MOR_2022_09_08
95604,region,06061,68,1.745,"CDI SB 824 Wildfire Risk Information data (docs/sources.md S2), Fire Risk Scores slice","calendar year 2018, 2024 report","ZIP-year mean of Avg Fire Risk (0-4) weighted by scored policy count N+L+M+H+E, summed over policy forms HO RT CO MH DO DT (FP excluded); USPS ZIP to 2020 ZCTA by identity",1,0.5,"CDI SB 824 Wildfire Risk Information data (docs/sources.md S2), Fire Risk Scores slice","calendar year 2018, 2024 report","ZIP-year (Count H + Count E) / (N+L+M+H+E), summed over policy forms HO RT CO MH DO DT (FP excluded); USPS ZIP to 2020 ZCTA by identity",1,1.2,"CDI SB 824 Wildfire Risk Information data (docs/sources.md S2), Fire Risk Scores slice","calendar year 2023, 2024 report","ZIP-year mean of Avg Fire Risk (0-4) weighted by scored policy count N+L+M+H+E, summed over policy forms HO RT CO MH DO DT (FP excluded); USPS ZIP to 2020 ZCTA by identity",0,0.2,"CDI SB 824 Wildfire Risk Information data (docs/sources.md S2), Fire Risk Scores slice","calendar year 2023, 2024 report","ZIP-year (Count H + Count E) / (N+L+M+H+E), summed over policy forms HO RT CO MH DO DT (FP excluded); USPS ZIP to 2020 ZCTA by identity",0,0,0,,0,0,,0,,
95626,region,06061,2058,0.3613,"CDI SB 824 Wildfire Risk Information data (docs/sources.md S2), Fire Risk Scores slice","calendar year 2018, 2024 report","ZIP-year mean of Avg Fire Risk (0-4) weighted by scored policy count N+L+M+H+E, summed over policy forms HO RT CO MH DO DT (FP excluded); USPS ZIP to 2020 ZCTA by identity",1,0.0,"CDI SB 824 Wildfire Risk Information data (docs/sources.md S2), Fire Risk Scores slice","calendar year 2018, 2024 report","ZIP-year (Count H + Count E) / (N+L+M+H+E), summed over policy forms HO RT CO MH DO DT (FP excluded); USPS ZIP to 2020 ZCTA by identity",1,0.3849,"CDI SB 824 Wildfire Risk Information data (docs/sources.md S2), Fire Risk Scores slice","calendar year 2023, 2024 report","ZIP-year mean of Avg Fire Risk (0-4) weighted by scored policy count N+L+M+H+E, summed over policy forms HO RT CO MH DO DT (FP excluded); USPS ZIP to 2020 ZCTA by identity",0,0.0025,"CDI SB 824 Wildfire Risk Information data (docs/sources.md S2), Fire Risk Scores slice","calendar year 2023, 2024 report","ZIP-year (Count H + Count E) / (N+L+M+H+E), summed over policy forms HO RT CO MH DO DT (FP excluded); USPS ZIP to 2020 ZCTA by identity",0,0,0,,0,0,,0,,
95631,region,06061,2813,2.8934,"CDI SB 824 Wildfire Risk Information data (docs/sources.md S2), Fire Risk Scores slice","calendar year 2018, 2024 report","ZIP-year mean of Avg Fire Risk (0-4) weighted by scored policy count N+L+M+H+E, summed over policy forms HO RT CO MH DO DT (FP excluded); USPS ZIP to 2020 ZCTA by identity",1,0.8282,"CDI SB 824 Wildfire Risk Information data (docs/sources.md S2), Fire Risk Scores slice","calendar year 2018, 2024 report","ZIP-year (Count H + Count E) / (N+L+M+H+E), summed over policy forms HO RT CO MH DO DT (FP excluded); USPS ZIP to 2020 ZCTA by identity",1,2.8729,"CDI SB 824 Wildfire Risk Information data (docs/sources.md S2), Fire Risk Scores slice","calendar year 2023, 2024 report","ZIP-year mean of Avg Fire Risk (0-4) weighted by scored policy count N+L+M+H+E, summed over policy forms HO RT CO MH DO DT (FP excluded); USPS ZIP to 2020 ZCTA by identity",0,0.8377,"CDI SB 824 Wildfire Risk Information data (docs/sources.md S2), Fire Risk Scores slice","calendar year 2023, 2024 report","ZIP-year (Count H + Count E) / (N+L+M+H+E), summed over policy forms HO RT CO MH DO DT (FP excluded); USPS ZIP to 2020 ZCTA by identity",0,0,1,FIRE_2022_MOSQUITO,39,0,2022-09-06,1,FIRE_2021_RIVER,MOR_2021_08_05;MOR_2022_09_08
95648,region,06061,21298,0.5599,"CDI SB 824 Wildfire Risk Information data (docs/sources.md S2), Fire Risk Scores slice","calendar year 2018, 2024 report","ZIP-year mean of Avg Fire Risk (0-4) weighted by scored policy count N+L+M+H+E, summed over policy forms HO RT CO MH DO DT (FP excluded); USPS ZIP to 2020 ZCTA by identity",1,0.005,"CDI SB 824 Wildfire Risk Information data (docs/sources.md S2), Fire Risk Scores slice","calendar year 2018, 2024 report","ZIP-year (Count H + Count E) / (N+L+M+H+E), summed over policy forms HO RT CO MH DO DT (FP excluded); USPS ZIP to 2020 ZCTA by identity",1,0.5618,"CDI SB 824 Wildfire Risk Information data (docs/sources.md S2), Fire Risk Scores slice","calendar year 2023, 2024 report","ZIP-year mean of Avg Fire Risk (0-4) weighted by scored policy count N+L+M+H+E, summed over policy forms HO RT CO MH DO DT (FP excluded); USPS ZIP to 2020 ZCTA by identity",0,0.0103,"CDI SB 824 Wildfire Risk Information data (docs/sources.md S2), Fire Risk Scores slice","calendar year 2023, 2024 report","ZIP-year (Count H + Count E) / (N+L+M+H+E), summed over policy forms HO RT CO MH DO DT (FP excluded); USPS ZIP to 2020 ZCTA by identity",0,0,0,,0,0,,1,FIRE_2017_MCCOURTNEY;FIRE_2017_SPENCEVILLE;FIRE_2021_INTANKO;FIRE_2021_RIVER;FIRE_2022_STILL,MOR_2021_08_05
95650,region,06061,4969,1.4139,"CDI SB 824 Wildfire Risk Information data (docs/sources.md S2), Fire Risk Scores slice","calendar year 2018, 2024 report","ZIP-year mean of Avg Fire Risk (0-4) weighted by scored policy count N+L+M+H+E, summed over policy forms HO RT CO MH DO DT (FP excluded); USPS ZIP to 2020 ZCTA by identity",1,0.1033,"CDI SB 824 Wildfire Risk Information data (docs/sources.md S2), Fire Risk Scores slice","calendar year 2018, 2024 report","ZIP-year (Count H + Count E) / (N+L+M+H+E), summed over policy forms HO RT CO MH DO DT (FP excluded); USPS ZIP to 2020 ZCTA by identity",1,1.5982,"CDI SB 824 Wildfire Risk Information data (docs/sources.md S2), Fire Risk Scores slice","calendar year 2023, 2024 report","ZIP-year mean of Avg Fire Risk (0-4) weighted by scored policy count N+L+M+H+E, summed over policy forms HO RT CO MH DO DT (FP excluded); USPS ZIP to 2020 ZCTA by identity",0,0.1216,"CDI SB 824 Wildfire Risk Information data (docs/sources.md S2), Fire Risk Scores slice","calendar year 2023, 2024 report","ZIP-year (Count H + Count E) / (N+L+M+H+E), summed over policy forms HO RT CO MH DO DT (FP excluded); USPS ZIP to 2020 ZCTA by identity",0,0,0,,0,0,,0,,
95658,region,06061,2620,1.7877,"CDI SB 824 Wildfire Risk Information data (docs/sources.md S2), Fire Risk Scores slice","calendar year 2018, 2024 report","ZIP-year mean of Avg Fire Risk (0-4) weighted by scored policy count N+L+M+H+E, summed over policy forms HO RT CO MH DO DT (FP excluded); USPS ZIP to 2020 ZCTA by identity",1,0.2005,"CDI SB 824 Wildfire Risk Information data (docs/sources.md S2), Fire Risk Scores slice","calendar year 2018, 2024 report","ZIP-year (Count H + Count E) / (N+L+M+H+E), summed over policy forms HO RT CO MH DO DT (FP excluded); USPS ZIP to 2020 ZCTA by identity",1,1.907,"CDI SB 824 Wildfire Risk Information data (docs/sources.md S2), Fire Risk Scores slice","calendar year 2023, 2024 report","ZIP-year mean of Avg Fire Risk (0-4) weighted by scored policy count N+L+M+H+E, summed over policy forms HO RT CO MH DO DT (FP excluded); USPS ZIP to 2020 ZCTA by identity",0,0.2142,"CDI SB 824 Wildfire Risk Information data (docs/sources.md S2), Fire Risk Scores slice","calendar year 2023, 2024 report","ZIP-year (Count H + Count E) / (N+L+M+H+E), summed over policy forms HO RT CO MH DO DT (FP excluded); USPS ZIP to 2020 ZCTA by identity",0,0,0,,0,0,,0,,
95661,region,06061,13452,0.5479,"CDI SB 824 Wildfire Risk Information data (docs/sources.md S2), Fire Risk Scores slice","calendar year 2018, 2024 report","ZIP-year mean of Avg Fire Risk (0-4) weighted by scored policy count N+L+M+H+E, summed over policy forms HO RT CO MH DO DT (FP excluded); USPS ZIP to 2020 ZCTA by identity",1,0.0012,"CDI SB 824 Wildfire Risk Information data (docs/sources.md S2), Fire Risk Scores slice","calendar year 2018, 2024 report","ZIP-year (Count H + Count E) / (N+L+M+H+E), summed over policy forms HO RT CO MH DO DT (FP excluded); USPS ZIP to 2020 ZCTA by identity",1,0.4945,"CDI SB 824 Wildfire Risk Information data (docs/sources.md S2), Fire Risk Scores slice","calendar year 2023, 2024 report","ZIP-year mean of Avg Fire Risk (0-4) weighted by scored policy count N+L+M+H+E, summed over policy forms HO RT CO MH DO DT (FP excluded); USPS ZIP to 2020 ZCTA by identity",0,0.0014,"CDI SB 824 Wildfire Risk Information data (docs/sources.md S2), Fire Risk Scores slice","calendar year 2023, 2024 report","ZIP-year (Count H + Count E) / (N+L+M+H+E), summed over policy forms HO RT CO MH DO DT (FP excluded); USPS ZIP to 2020 ZCTA by identity",0,0,0,,0,0,,0,,
95663,region,06061,1067,1.6548,"CDI SB 824 Wildfire Risk Information data (docs/sources.md S2), Fire Risk Scores slice","calendar year 2018, 2024 report","ZIP-year mean of Avg Fire Risk (0-4) weighted by scored policy count N+L+M+H+E, summed over policy forms HO RT CO MH DO DT (FP excluded); USPS ZIP to 2020 ZCTA by identity",1,0.068,"CDI SB 824 Wildfire Risk Information data (docs/sources.md S2), Fire Risk Scores slice","calendar year 2018, 2024 report","ZIP-year (Count H + Count E) / (N+L+M+H+E), summed over policy forms HO RT CO MH DO DT (FP excluded); USPS ZIP to 2020 ZCTA by identity",1,1.8438,"CDI SB 824 Wildfire Risk Information data (docs/sources.md S2), Fire Risk Scores slice","calendar year 2023, 2024 report","ZIP-year mean of Avg Fire Risk (0-4) weighted by scored policy count N+L+M+H+E, summed over policy forms HO RT CO MH DO DT (FP excluded); USPS ZIP to 2020 ZCTA by identity",0,0.1011,"CDI SB 824 Wildfire Risk Information data (docs/sources.md S2), Fire Risk Scores slice","calendar year 2023, 2024 report","ZIP-year (Count H + Count E) / (N+L+M+H+E), summed over policy forms HO RT CO MH DO DT (FP excluded); USPS ZIP to 2020 ZCTA by identity",0,0,0,,0,0,,0,,
95668,region,06061,318,0.3664,"CDI SB 824 Wildfire Risk Information data (docs/sources.md S2), Fire Risk Scores slice","calendar year 2018, 2024 report","ZIP-year mean of Avg Fire Risk (0-4) weighted by scored policy count N+L+M+H+E, summed over policy forms HO RT CO MH DO DT (FP excluded); USPS ZIP to 2020 ZCTA by identity",1,0.0,"CDI SB 824 Wildfire Risk Information data (docs/sources.md S2), Fire Risk Scores slice","calendar year 2018, 2024 report","ZIP-year (Count H + Count E) / (N+L+M+H+E), summed over policy forms HO RT CO MH DO DT (FP excluded); USPS ZIP to 2020 ZCTA by identity",1,0.4097,"CDI SB 824 Wildfire Risk Information data (docs/sources.md S2), Fire Risk Scores slice","calendar year 2023, 2024 report","ZIP-year mean of Avg Fire Risk (0-4) weighted by scored policy count N+L+M+H+E, summed over policy forms HO RT CO MH DO DT (FP excluded); USPS ZIP to 2020 ZCTA by identity",0,0.0,"CDI SB 824 Wildfire Risk Information data (docs/sources.md S2), Fire Risk Scores slice","calendar year 2023, 2024 report","ZIP-year (Count H + Count E) / (N+L+M+H+E), summed over policy forms HO RT CO MH DO DT (FP excluded); USPS ZIP to 2020 ZCTA by identity",0,0,0,,0,0,,0,,
95677,region,06061,11007,0.7753,"CDI SB 824 Wildfire Risk Information data (docs/sources.md S2), Fire Risk Scores slice","calendar year 2018, 2024 report","ZIP-year mean of Avg Fire Risk (0-4) weighted by scored policy count N+L+M+H+E, summed over policy forms HO RT CO MH DO DT (FP excluded); USPS ZIP to 2020 ZCTA by identity",1,0.0191,"CDI SB 824 Wildfire Risk Information data (docs/sources.md S2), Fire Risk Scores slice","calendar year 2018, 2024 report","ZIP-year (Count H + Count E) / (N+L+M+H+E), summed over policy forms HO RT CO MH DO DT (FP excluded); USPS ZIP to 2020 ZCTA by identity",1,0.7093,"CDI SB 824 Wildfire Risk Information data (docs/sources.md S2), Fire Risk Scores slice","calendar year 2023, 2024 report","ZIP-year mean of Avg Fire Risk (0-4) weighted by scored policy count N+L+M+H+E, summed over policy forms HO RT CO MH DO DT (FP excluded); USPS ZIP to 2020 ZCTA by identity",0,0.0155,"CDI SB 824 Wildfire Risk Information data (docs/sources.md S2), Fire Risk Scores slice","calendar year 2023, 2024 report","ZIP-year (Count H + Count E) / (N+L+M+H+E), summed over policy forms HO RT CO MH DO DT (FP excluded); USPS ZIP to 2020 ZCTA by identity",0,0,0,,0,0,,0,,
95678,region,06061,18016,0.4787,"CDI SB 824 Wildfire Risk Information data (docs/sources.md S2), Fire Risk Scores slice","calendar year 2018, 2024 report","ZIP-year mean of Avg Fire Risk (0-4) weighted by scored policy count N+L+M+H+E, summed over policy forms HO RT CO MH DO DT (FP excluded); USPS ZIP to 2020 ZCTA by identity",1,0.0003,"CDI SB 824 Wildfire Risk Information data (docs/sources.md S2), Fire Risk Scores slice","calendar year 2018, 2024 report","ZIP-year (Count H + Count E) / (N+L+M+H+E), summed over policy forms HO RT CO MH DO DT (FP excluded); USPS ZIP to 2020 ZCTA by identity",1,0.4349,"CDI SB 824 Wildfire Risk Information data (docs/sources.md S2), Fire Risk Scores slice","calendar year 2023, 2024 report","ZIP-year mean of Avg Fire Risk (0-4) weighted by scored policy count N+L+M+H+E, summed over policy forms HO RT CO MH DO DT (FP excluded); USPS ZIP to 2020 ZCTA by identity",0,0.0012,"CDI SB 824 Wildfire Risk Information data (docs/sources.md S2), Fire Risk Scores slice","calendar year 2023, 2024 report","ZIP-year (Count H + Count E) / (N+L+M+H+E), summed over policy forms HO RT CO MH DO DT (FP excluded); USPS ZIP to 2020 ZCTA by identity",0,0,0,,0,0,,0,,
95681,region,06061,457,1.1733,"CDI SB 824 Wildfire Risk Information data (docs/sources.md S2), Fire Risk Scores slice","calendar year 2018, 2024 report","ZIP-year mean of Avg Fire Risk (0-4) weighted by scored policy count N+L+M+H+E, summed over policy forms HO RT CO MH DO DT (FP excluded); USPS ZIP to 2020 ZCTA by identity",1,0.0,"CDI SB 824 Wildfire Risk Information data (docs/sources.md S2), Fire Risk Scores slice","calendar year 2018, 2024 report","ZIP-year (Count H + Count E) / (N+L+M+H+E), summed over policy forms HO RT CO MH DO DT (FP excluded); USPS ZIP to 2020 ZCTA by identity",1,1.1676,"CDI SB 824 Wildfire Risk Information data (docs/sources.md S2), Fire Risk Scores slice","calendar year 2023, 2024 report","ZIP-year mean of Avg Fire Risk (0-4) weighted by scored policy count N+L+M+H+E, summed over policy forms HO RT CO MH DO DT (FP excluded); USPS ZIP to 2020 ZCTA by identity",0,0.0135,"CDI SB 824 Wildfire Risk Information data (docs/sources.md S2), Fire Risk Scores slice","calendar year 2023, 2024 report","ZIP-year (Count H + Count E) / (N+L+M+H+E), summed over policy forms HO RT CO MH DO DT (FP excluded); USPS ZIP to 2020 ZCTA by identity",0,0,0,,0,0,,1,FIRE_2017_SPENCEVILLE;FIRE_2021_INTANKO,
95692,region,06115,1830,0.5735,"CDI SB 824 Wildfire Risk Information data (docs/sources.md S2), Fire Risk Scores slice","calendar year 2018, 2024 report","ZIP-year mean of Avg Fire Risk (0-4) weighted by scored policy count N+L+M+H+E, summed over policy forms HO RT CO MH DO DT (FP excluded); USPS ZIP to 2020 ZCTA by identity",1,0.0022,"CDI SB 824 Wildfire Risk Information data (docs/sources.md S2), Fire Risk Scores slice","calendar year 2018, 2024 report","ZIP-year (Count H + Count E) / (N+L+M+H+E), summed over policy forms HO RT CO MH DO DT (FP excluded); USPS ZIP to 2020 ZCTA by identity",1,0.6085,"CDI SB 824 Wildfire Risk Information data (docs/sources.md S2), Fire Risk Scores slice","calendar year 2023, 2024 report","ZIP-year mean of Avg Fire Risk (0-4) weighted by scored policy count N+L+M+H+E, summed over policy forms HO RT CO MH DO DT (FP excluded); USPS ZIP to 2020 ZCTA by identity",0,0.0052,"CDI SB 824 Wildfire Risk Information data (docs/sources.md S2), Fire Risk Scores slice","calendar year 2023, 2024 report","ZIP-year (Count H + Count E) / (N+L+M+H+E), summed over policy forms HO RT CO MH DO DT (FP excluded); USPS ZIP to 2020 ZCTA by identity",0,0,1,FIRE_2017_SPENCEVILLE;FIRE_2021_INTANKO,7,0,2017-07-24,1,FIRE_2017_CASCADE;FIRE_2017_MCCOURTNEY;FIRE_2021_RIVER;FIRE_2022_STILL,MOR_2021_08_05
95701,region,06061,506,2.9544,"CDI SB 824 Wildfire Risk Information data (docs/sources.md S2), Fire Risk Scores slice","calendar year 2018, 2024 report","ZIP-year mean of Avg Fire Risk (0-4) weighted by scored policy count N+L+M+H+E, summed over policy forms HO RT CO MH DO DT (FP excluded); USPS ZIP to 2020 ZCTA by identity",1,0.8505,"CDI SB 824 Wildfire Risk Information data (docs/sources.md S2), Fire Risk Scores slice","calendar year 2018, 2024 report","ZIP-year (Count H + Count E) / (N+L+M+H+E), summed over policy forms HO RT CO MH DO DT (FP excluded); USPS ZIP to 2020 ZCTA by identity",1,2.9658,"CDI SB 824 Wildfire Risk Information data (docs/sources.md S2), Fire Risk Scores slice","calendar year 2023, 2024 report","ZIP-year mean of Avg Fire Risk (0-4) weighted by scored policy count N+L+M+H+E, summed over policy forms HO RT CO MH DO DT (FP excluded); USPS ZIP to 2020 ZCTA by identity",0,0.902,"CDI SB 824 Wildfire Risk Information data (docs/sources.md S2), Fire Risk Scores slice","calendar year 2023, 2024 report","ZIP-year (Count H + Count E) / (N+L+M+H+E), summed over policy forms HO RT CO MH DO DT (FP excluded); USPS ZIP to 2020 ZCTA by identity",0,0,0,,0,0,,1,FIRE_2017_LOBO;FIRE_2017_PLEASANT;FIRE_2020_JONES;FIRE_2022_MOSQUITO,MOR_2020_08_18;MOR_2021_08_05;MOR_2022_09_08
95703,region,06061,833,2.7121,"CDI SB 824 Wildfire Risk Information data (docs/sources.md S2), Fire Risk Scores slice","calendar year 2018, 2024 report","ZIP-year mean of Avg Fire Risk (0-4) weighted by scored policy count N+L+M+H+E, summed over policy forms HO RT CO MH DO DT (FP excluded); USPS ZIP to 2020 ZCTA by identity",1,0.7064,"CDI SB 824 Wildfire Risk Information data (docs/sources.md S2), Fire Risk Scores slice","calendar year 2018, 2024 report","ZIP-year (Count H + Count E) / (N+L+M+H+E), summed over policy forms HO RT CO MH DO DT (FP excluded); USPS ZIP to 2020 ZCTA by identity",1,2.7324,"CDI SB 824 Wildfire Risk Information data (docs/sources.md S2), Fire Risk Scores slice","calendar year 2023, 2024 report","ZIP-year mean of Avg Fire Risk (0-4) weighted by scored policy count N+L+M+H+E, summed over policy forms HO RT CO MH DO DT (FP excluded); USPS ZIP to 2020 ZCTA by identity",0,0.6881,"CDI SB 824 Wildfire Risk Information data (docs/sources.md S2), Fire Risk Scores slice","calendar year 2023, 2024 report","ZIP-year (Count H + Count E) / (N+L+M+H+E), summed over policy forms HO RT CO MH DO DT (FP excluded); USPS ZIP to 2020 ZCTA by identity",0,0,0,,0,0,,1,FIRE_2021_RIVER;FIRE_2022_MOSQUITO,MOR_2021_08_05
95713,region,06061,4001,2.6229,"CDI SB 824 Wildfire Risk Information data (docs/sources.md S2), Fire Risk Scores slice","calendar year 2018, 2024 report","ZIP-year mean of Avg Fire Risk (0-4) weighted by scored policy count N+L+M+H+E, summed over policy forms HO RT CO MH DO DT (FP excluded); USPS ZIP to 2020 ZCTA by identity",1,0.6874,"CDI SB 824 Wildfire Risk Information data (docs/sources.md S2), Fire Risk Scores slice","calendar year 2018, 2024 report","ZIP-year (Count H + Count E) / (N+L+M+H+E), summed over policy forms HO RT CO MH DO DT (FP excluded); USPS ZIP to 2020 ZCTA by identity",1,2.6832,"CDI SB 824 Wildfire Risk Information data (docs/sources.md S2), Fire Risk Scores slice","calendar year 2023, 2024 report","ZIP-year mean of Avg Fire Risk (0-4) weighted by scored policy count N+L+M+H+E, summed over policy forms HO RT CO MH DO DT (FP excluded); USPS ZIP to 2020 ZCTA by identity",0,0.7272,"CDI SB 824 Wildfire Risk Information data (docs/sources.md S2), Fire Risk Scores slice","calendar year 2023, 2024 report","ZIP-year (Count H + Count E) / (N+L+M+H+E), summed over policy forms HO RT CO MH DO DT (FP excluded); USPS ZIP to 2020 ZCTA by identity",0,0,1,FIRE_2021_RIVER,62,1,2021-08-04,1,FIRE_2017_MCCOURTNEY;FIRE_2022_MOSQUITO;FIRE_2022_STILL,MOR_2021_08_05;MOR_2022_09_08
95714,region,06061,257,2.7012,"CDI SB 824 Wildfire Risk Information data (docs/sources.md S2), Fire Risk Scores slice","calendar year 2018, 2024 report","ZIP-year mean of Avg Fire Risk (0-4) weighted by scored policy count N+L+M+H+E, summed over policy forms HO RT CO MH DO DT (FP excluded); USPS ZIP to 2020 ZCTA by identity",1,0.7034,"CDI SB 824 Wildfire Risk Information data (docs/sources.md S2), Fire Risk Scores slice","calendar year 2018, 2024 report","ZIP-year (Count H + Count E) / (N+L+M+H+E), summed over policy forms HO RT CO MH DO DT (FP excluded); USPS ZIP to 2020 ZCTA by identity",1,2.8282,"CDI SB 824 Wildfire Risk Information data (docs/sources.md S2), Fire Risk Scores slice","calendar year 2023, 2024 report","ZIP-year mean of Avg Fire Risk (0-4) weighted by scored policy count N+L+M+H+E, summed over policy forms HO RT CO MH DO DT (FP excluded); USPS ZIP to 2020 ZCTA by identity",0,0.8253,"CDI SB 824 Wildfire Risk Information data (docs/sources.md S2), Fire Risk Scores slice","calendar year 2023, 2024 report","ZIP-year (Count H + Count E) / (N+L+M+H+E), summed over policy forms HO RT CO MH DO DT (FP excluded); USPS ZIP to 2020 ZCTA by identity",0,0,0,,0,0,,1,FIRE_2021_RIVER,MOR_2021_08_05;MOR_2022_09_08
95715,region,06061,109,2.7386,"CDI SB 824 Wildfire Risk Information data (docs/sources.md S2), Fire Risk Scores slice","calendar year 2018, 2024 report","ZIP-year mean of Avg Fire Risk (0-4) weighted by scored policy count N+L+M+H+E, summed over policy forms HO RT CO MH DO DT (FP excluded); USPS ZIP to 2020 ZCTA by identity",1,0.8261,"CDI SB 824 Wildfire Risk Information data (docs/sources.md S2), Fire Risk Scores slice","calendar year 2018, 2024 report","ZIP-year (Count H + Count E) / (N+L+M+H+E), summed over policy forms HO RT CO MH DO DT (FP excluded); USPS ZIP to 2020 ZCTA by identity",1,2.9341,"CDI SB 824 Wildfire Risk Information data (docs/sources.md S2), Fire Risk Scores slice","calendar year 2023, 2024 report","ZIP-year mean of Avg Fire Risk (0-4) weighted by scored policy count N+L+M+H+E, summed over policy forms HO RT CO MH DO DT (FP excluded); USPS ZIP to 2020 ZCTA by identity",0,0.9549,"CDI SB 824 Wildfire Risk Information data (docs/sources.md S2), Fire Risk Scores slice","calendar year 2023, 2024 report","ZIP-year (Count H + Count E) / (N+L+M+H+E), summed over policy forms HO RT CO MH DO DT (FP excluded); USPS ZIP to 2020 ZCTA by identity",0,0,0,,0,0,,1,FIRE_2017_LOBO;FIRE_2017_PLEASANT;FIRE_2020_JONES,MOR_2020_08_18;MOR_2022_09_08
95717,region,06061,115,2.9642,"CDI SB 824 Wildfire Risk Information data (docs/sources.md S2), Fire Risk Scores slice","calendar year 2018, 2024 report","ZIP-year mean of Avg Fire Risk (0-4) weighted by scored policy count N+L+M+H+E, summed over policy forms HO RT CO MH DO DT (FP excluded); USPS ZIP to 2020 ZCTA by identity",1,0.8387,"CDI SB 824 Wildfire Risk Information data (docs/sources.md S2), Fire Risk Scores slice","calendar year 2018, 2024 report","ZIP-year (Count H + Count E) / (N+L+M+H+E), summed over policy forms HO RT CO MH DO DT (FP excluded); USPS ZIP to 2020 ZCTA by identity",1,2.8426,"CDI SB 824 Wildfire Risk Information data (docs/sources.md S2), Fire Risk Scores slice","calendar year 2023, 2024 report","ZIP-year mean of Avg Fire Risk (0-4) weighted by scored policy count N+L+M+H+E, summed over policy forms HO RT CO MH DO DT (FP excluded); USPS ZIP to 2020 ZCTA by identity",0,0.8019,"CDI SB 824 Wildfire Risk Information data (docs/sources.md S2), Fire Risk Scores slice","calendar year 2023, 2024 report","ZIP-year (Count H + Count E) / (N+L+M+H+E), summed over policy forms HO RT CO MH DO DT (FP excluded); USPS ZIP to 2020 ZCTA by identity",0,0,0,,0,0,,1,FIRE_2021_RIVER;FIRE_2022_MOSQUITO,MOR_2021_08_05;MOR_2022_09_08
95722,region,06061,1995,2.7381,"CDI SB 824 Wildfire Risk Information data (docs/sources.md S2), Fire Risk Scores slice","calendar year 2018, 2024 report","ZIP-year mean of Avg Fire Risk (0-4) weighted by scored policy count N+L+M+H+E, summed over policy forms HO RT CO MH DO DT (FP excluded); USPS ZIP to 2020 ZCTA by identity",1,0.7879,"CDI SB 824 Wildfire Risk Information data (docs/sources.md S2), Fire Risk Scores slice","calendar year 2018, 2024 report","ZIP-year (Count H + Count E) / (N+L+M+H+E), summed over policy forms HO RT CO MH DO DT (FP excluded); USPS ZIP to 2020 ZCTA by identity",1,2.8487,"CDI SB 824 Wildfire Risk Information data (docs/sources.md S2), Fire Risk Scores slice","calendar year 2023, 2024 report","ZIP-year mean of Avg Fire Risk (0-4) weighted by scored policy count N+L+M+H+E, summed over policy forms HO RT CO MH DO DT (FP excluded); USPS ZIP to 2020 ZCTA by identity",0,0.8097,"CDI SB 824 Wildfire Risk Information data (docs/sources.md S2), Fire Risk Scores slice","calendar year 2023, 2024 report","ZIP-year (Count H + Count E) / (N+L+M+H+E), summed over policy forms HO RT CO MH DO DT (FP excluded); USPS ZIP to 2020 ZCTA by identity",0,0,0,,0,0,,1,FIRE_2017_MCCOURTNEY;FIRE_2021_RIVER;FIRE_2022_STILL,MOR_2021_08_05
95728,excluded_east,06061,1167,2.4316,"CDI SB 824 Wildfire Risk Information data (docs/sources.md S2), Fire Risk Scores slice","calendar year 2018, 2024 report","ZIP-year mean of Avg Fire Risk (0-4) weighted by scored policy count N+L+M+H+E, summed over policy forms HO RT CO MH DO DT (FP excluded); USPS ZIP to 2020 ZCTA by identity",1,0.4576,"CDI SB 824 Wildfire Risk Information data (docs/sources.md S2), Fire Risk Scores slice","calendar year 2018, 2024 report","ZIP-year (Count H + Count E) / (N+L+M+H+E), summed over policy forms HO RT CO MH DO DT (FP excluded); USPS ZIP to 2020 ZCTA by identity",1,2.6582,"CDI SB 824 Wildfire Risk Information data (docs/sources.md S2), Fire Risk Scores slice","calendar year 2023, 2024 report","ZIP-year mean of Avg Fire Risk (0-4) weighted by scored policy count N+L+M+H+E, summed over policy forms HO RT CO MH DO DT (FP excluded); USPS ZIP to 2020 ZCTA by identity",0,0.6224,"CDI SB 824 Wildfire Risk Information data (docs/sources.md S2), Fire Risk Scores slice","calendar year 2023, 2024 report","ZIP-year (Count H + Count E) / (N+L+M+H+E), summed over policy forms HO RT CO MH DO DT (FP excluded); USPS ZIP to 2020 ZCTA by identity",0,0,0,,0,0,,0,,MOR_2020_08_18;MOR_2024_11_01
95736,region,06061,81,2.2955,"CDI SB 824 Wildfire Risk Information data (docs/sources.md S2), Fire Risk Scores slice","calendar year 2018, 2024 report","ZIP-year mean of Avg Fire Risk (0-4) weighted by scored policy count N+L+M+H+E, summed over policy forms HO RT CO MH DO DT (FP excluded); USPS ZIP to 2020 ZCTA by identity",1,0.4595,"CDI SB 824 Wildfire Risk Information data (docs/sources.md S2), Fire Risk Scores slice","calendar year 2018, 2024 report","ZIP-year (Count H + Count E) / (N+L+M+H+E), summed over policy forms HO RT CO MH DO DT (FP excluded); USPS ZIP to 2020 ZCTA by identity",1,2.5762,"CDI SB 824 Wildfire Risk Information data (docs/sources.md S2), Fire Risk Scores slice","calendar year 2023, 2024 report","ZIP-year mean of Avg Fire Risk (0-4) weighted by scored policy count N+L+M+H+E, summed over policy forms HO RT CO MH DO DT (FP excluded); USPS ZIP to 2020 ZCTA by identity",0,0.6195,"CDI SB 824 Wildfire Risk Information data (docs/sources.md S2), Fire Risk Scores slice","calendar year 2023, 2024 report","ZIP-year (Count H + Count E) / (N+L+M+H+E), summed over policy forms HO RT CO MH DO DT (FP excluded); USPS ZIP to 2020 ZCTA by identity",0,0,0,,0,0,,1,FIRE_2021_RIVER,MOR_2021_08_05
95746,region,06061,7945,1.2308,"CDI SB 824 Wildfire Risk Information data (docs/sources.md S2), Fire Risk Scores slice","calendar year 2018, 2024 report","ZIP-year mean of Avg Fire Risk (0-4) weighted by scored policy count N+L+M+H+E, summed over policy forms HO RT CO MH DO DT (FP excluded); USPS ZIP to 2020 ZCTA by identity",1,0.0965,"CDI SB 824 Wildfire Risk Information data (docs/sources.md S2), Fire Risk Scores slice","calendar year 2018, 2024 report","ZIP-year (Count H + Count E) / (N+L+M+H+E), summed over policy forms HO RT CO MH DO DT (FP excluded); USPS ZIP to 2020 ZCTA by identity",1,1.3366,"CDI SB 824 Wildfire Risk Information data (docs/sources.md S2), Fire Risk Scores slice","calendar year 2023, 2024 report","ZIP-year mean of Avg Fire Risk (0-4) weighted by scored policy count N+L+M+H+E, summed over policy forms HO RT CO MH DO DT (FP excluded); USPS ZIP to 2020 ZCTA by identity",0,0.0926,"CDI SB 824 Wildfire Risk Information data (docs/sources.md S2), Fire Risk Scores slice","calendar year 2023, 2024 report","ZIP-year (Count H + Count E) / (N+L+M+H+E), summed over policy forms HO RT CO MH DO DT (FP excluded); USPS ZIP to 2020 ZCTA by identity",0,0,0,,0,0,,0,,
95747,region,06061,27698,0.4219,"CDI SB 824 Wildfire Risk Information data (docs/sources.md S2), Fire Risk Scores slice","calendar year 2018, 2024 report","ZIP-year mean of Avg Fire Risk (0-4) weighted by scored policy count N+L+M+H+E, summed over policy forms HO RT CO MH DO DT (FP excluded); USPS ZIP to 2020 ZCTA by identity",1,0.0002,"CDI SB 824 Wildfire Risk Information data (docs/sources.md S2), Fire Risk Scores slice","calendar year 2018, 2024 report","ZIP-year (Count H + Count E) / (N+L+M+H+E), summed over policy forms HO RT CO MH DO DT (FP excluded); USPS ZIP to 2020 ZCTA by identity",1,0.414,"CDI SB 824 Wildfire Risk Information data (docs/sources.md S2), Fire Risk Scores slice","calendar year 2023, 2024 report","ZIP-year mean of Avg Fire Risk (0-4) weighted by scored policy count N+L+M+H+E, summed over policy forms HO RT CO MH DO DT (FP excluded); USPS ZIP to 2020 ZCTA by identity",0,0.0028,"CDI SB 824 Wildfire Risk Information data (docs/sources.md S2), Fire Risk Scores slice","calendar year 2023, 2024 report","ZIP-year (Count H + Count E) / (N+L+M+H+E), summed over policy forms HO RT CO MH DO DT (FP excluded); USPS ZIP to 2020 ZCTA by identity",0,0,0,,0,0,,0,,
95765,region,06061,15082,0.6089,"CDI SB 824 Wildfire Risk Information data (docs/sources.md S2), Fire Risk Scores slice","calendar year 2018, 2024 report","ZIP-year mean of Avg Fire Risk (0-4) weighted by scored policy count N+L+M+H+E, summed over policy forms HO RT CO MH DO DT (FP excluded); USPS ZIP to 2020 ZCTA by identity",1,0.0017,"CDI SB 824 Wildfire Risk Information data (docs/sources.md S2), Fire Risk Scores slice","calendar year 2018, 2024 report","ZIP-year (Count H + Count E) / (N+L+M+H+E), summed over policy forms HO RT CO MH DO DT (FP excluded); USPS ZIP to 2020 ZCTA by identity",1,0.5305,"CDI SB 824 Wildfire Risk Information data (docs/sources.md S2), Fire Risk Scores slice","calendar year 2023, 2024 report","ZIP-year mean of Avg Fire Risk (0-4) weighted by scored policy count N+L+M+H+E, summed over policy forms HO RT CO MH DO DT (FP excluded); USPS ZIP to 2020 ZCTA by identity",0,0.0051,"CDI SB 824 Wildfire Risk Information data (docs/sources.md S2), Fire Risk Scores slice","calendar year 2023, 2024 report","ZIP-year (Count H + Count E) / (N+L+M+H+E), summed over policy forms HO RT CO MH DO DT (FP excluded); USPS ZIP to 2020 ZCTA by identity",0,0,0,,0,0,,0,,
95901,region,06115,13047,0.5772,"CDI SB 824 Wildfire Risk Information data (docs/sources.md S2), Fire Risk Scores slice","calendar year 2018, 2024 report","ZIP-year mean of Avg Fire Risk (0-4) weighted by scored policy count N+L+M+H+E, summed over policy forms HO RT CO MH DO DT (FP excluded); USPS ZIP to 2020 ZCTA by identity",1,0.0144,"CDI SB 824 Wildfire Risk Information data (docs/sources.md S2), Fire Risk Scores slice","calendar year 2018, 2024 report","ZIP-year (Count H + Count E) / (N+L+M+H+E), summed over policy forms HO RT CO MH DO DT (FP excluded); USPS ZIP to 2020 ZCTA by identity",1,0.5913,"CDI SB 824 Wildfire Risk Information data (docs/sources.md S2), Fire Risk Scores slice","calendar year 2023, 2024 report","ZIP-year mean of Avg Fire Risk (0-4) weighted by scored policy count N+L+M+H+E, summed over policy forms HO RT CO MH DO DT (FP excluded); USPS ZIP to 2020 ZCTA by identity",0,0.0146,"CDI SB 824 Wildfire Risk Information data (docs/sources.md S2), Fire Risk Scores slice","calendar year 2023, 2024 report","ZIP-year (Count H + Count E) / (N+L+M+H+E), summed over policy forms HO RT CO MH DO DT (FP excluded); USPS ZIP to 2020 ZCTA by identity",0,0,1,FIRE_2017_CASCADE,255,3,2017-10-08,1,FIRE_2017_SPENCEVILLE;FIRE_2020_WILLOW;FIRE_2021_INTANKO,MOR_2020_08_18;MOR_2021_07_23;MOR_2021_08_10;MOR_2024_07_03
95903,region,06115,1310,1.0,"CDI SB 824 Wildfire Risk Information data (docs/sources.md S2), Fire Risk Scores slice","calendar year 2018, 2024 report","ZIP-year mean of Avg Fire Risk (0-4) weighted by scored policy count N+L+M+H+E, summed over policy forms HO RT CO MH DO DT (FP excluded); USPS ZIP to 2020 ZCTA by identity",1,0.0,"CDI SB 824 Wildfire Risk Information data (docs/sources.md S2), Fire Risk Scores slice","calendar year 2018, 2024 report","ZIP-year (Count H + Count E) / (N+L+M+H+E), summed over policy forms HO RT CO MH DO DT (FP excluded); USPS ZIP to 2020 ZCTA by identity",1,1.71,"CDI SB 824 Wildfire Risk Information data (docs/sources.md S2), Fire Risk Scores slice","calendar year 2023, 2024 report","ZIP-year mean of Avg Fire Risk (0-4) weighted by scored policy count N+L+M+H+E, summed over policy forms HO RT CO MH DO DT (FP excluded); USPS ZIP to 2020 ZCTA by identity",0,0.2069,"CDI SB 824 Wildfire Risk Information data (docs/sources.md S2), Fire Risk Scores slice","calendar year 2023, 2024 report","ZIP-year (Count H + Count E) / (N+L+M+H+E), summed over policy forms HO RT CO MH DO DT (FP excluded); USPS ZIP to 2020 ZCTA by identity",0,0,0,,0,0,,1,FIRE_2017_CASCADE;FIRE_2017_SPENCEVILLE;FIRE_2021_INTANKO,
95910,region,06091,49,2.66,"CDI SB 824 Wildfire Risk Information data (docs/sources.md S2), Fire Risk Scores slice","calendar year 2018, 2024 report","ZIP-year mean of Avg Fire Risk (0-4) weighted by scored policy count N+L+M+H+E, summed over policy forms HO RT CO MH DO DT (FP excluded); USPS ZIP to 2020 ZCTA by identity",1,0.8333,"CDI SB 824 Wildfire Risk Information data (docs/sources.md S2), Fire Risk Scores slice","calendar year 2018, 2024 report","ZIP-year (Count H + Count E) / (N+L+M+H+E), summed over policy forms HO RT CO MH DO DT (FP excluded); USPS ZIP to 2020 ZCTA by identity",1,2.8077,"CDI SB 824 Wildfire Risk Information data (docs/sources.md S2), Fire Risk Scores slice","calendar year 2023, 2024 report","ZIP-year mean of Avg Fire Risk (0-4) weighted by scored policy count N+L+M+H+E, summed over policy forms HO RT CO MH DO DT (FP excluded); USPS ZIP to 2020 ZCTA by identity",0,0.8846,"CDI SB 824 Wildfire Risk Information data (docs/sources.md S2), Fire Risk Scores slice","calendar year 2023, 2024 report","ZIP-year (Count H + Count E) / (N+L+M+H+E), summed over policy forms HO RT CO MH DO DT (FP excluded); USPS ZIP to 2020 ZCTA by identity",0,0,0,,0,0,,1,FIRE_2017_LOBO;FIRE_2017_PLEASANT;FIRE_2020_JONES;FIRE_2022_RICES,
95914,region,06115,340,2.4672,"CDI SB 824 Wildfire Risk Information data (docs/sources.md S2), Fire Risk Scores slice","calendar year 2018, 2024 report","ZIP-year mean of Avg Fire Risk (0-4) weighted by scored policy count N+L+M+H+E, summed over policy forms HO RT CO MH DO DT (FP excluded); USPS ZIP to 2020 ZCTA by identity",1,0.5731,"CDI SB 824 Wildfire Risk Information data (docs/sources.md S2), Fire Risk Scores slice","calendar year 2018, 2024 report","ZIP-year (Count H + Count E) / (N+L+M+H+E), summed over policy forms HO RT CO MH DO DT (FP excluded); USPS ZIP to 2020 ZCTA by identity",1,2.3425,"CDI SB 824 Wildfire Risk Information data (docs/sources.md S2), Fire Risk Scores slice","calendar year 2023, 2024 report","ZIP-year mean of Avg Fire Risk (0-4) weighted by scored policy count N+L+M+H+E, summed over policy forms HO RT CO MH DO DT (FP excluded); USPS ZIP to 2020 ZCTA by identity",0,0.4725,"CDI SB 824 Wildfire Risk Information data (docs/sources.md S2), Fire Risk Scores slice","calendar year 2023, 2024 report","ZIP-year (Count H + Count E) / (N+L+M+H+E), summed over policy forms HO RT CO MH DO DT (FP excluded); USPS ZIP to 2020 ZCTA by identity",0,0,0,,0,0,,1,FIRE_2017_CASCADE;FIRE_2017_LAPORTE;FIRE_2020_WILLOW,MOR_2020_08_18;MOR_2024_07_03
95918,region,06115,984,2.1162,"CDI SB 824 Wildfire Risk Information data (docs/sources.md S2), Fire Risk Scores slice","calendar year 2018, 2024 report","ZIP-year mean of Avg Fire Risk (0-4) weighted by scored policy count N+L+M+H+E, summed over policy forms HO RT CO MH DO DT (FP excluded); USPS ZIP to 2020 ZCTA by identity",1,0.2707,"CDI SB 824 Wildfire Risk Information data (docs/sources.md S2), Fire Risk Scores slice","calendar year 2018, 2024 report","ZIP-year (Count H + Count E) / (N+L+M+H+E), summed over policy forms HO RT CO MH DO DT (FP excluded); USPS ZIP to 2020 ZCTA by identity",1,2.2321,"CDI SB 824 Wildfire Risk Information data (docs/sources.md S2), Fire Risk Scores slice","calendar year 2023, 2024 report","ZIP-year mean of Avg Fire Risk (0-4) weighted by scored policy count N+L+M+H+E, summed over policy forms HO RT CO MH DO DT (FP excluded); USPS ZIP to 2020 ZCTA by identity",0,0.302,"CDI SB 824 Wildfire Risk Information data (docs/sources.md S2), Fire Risk Scores slice","calendar year 2023, 2024 report","ZIP-year (Count H + Count E) / (N+L+M+H+E), summed over policy forms HO RT CO MH DO DT (FP excluded); USPS ZIP to 2020 ZCTA by identity",0,0,1,FIRE_2017_CASCADE;FIRE_2020_WILLOW,19,0,2017-10-08,1,FIRE_2017_LAPORTE;FIRE_2022_WINDING,
95919,region,06115,696,2.7473,"CDI SB 824 Wildfire Risk Information data (docs/sources.md S2), Fire Risk Scores slice","calendar year 2018, 2024 report","ZIP-year mean of Avg Fire Risk (0-4) weighted by scored policy count N+L+M+H+E, summed over policy forms HO RT CO MH DO DT (FP excluded); USPS ZIP to 2020 ZCTA by identity",1,0.7355,"CDI SB 824 Wildfire Risk Information data (docs/sources.md S2), Fire Risk Scores slice","calendar year 2018, 2024 report","ZIP-year (Count H + Count E) / (N+L+M+H+E), summed over policy forms HO RT CO MH DO DT (FP excluded); USPS ZIP to 2020 ZCTA by identity",1,2.7871,"CDI SB 824 Wildfire Risk Information data (docs/sources.md S2), Fire Risk Scores slice","calendar year 2023, 2024 report","ZIP-year mean of Avg Fire Risk (0-4) weighted by scored policy count N+L+M+H+E, summed over policy forms HO RT CO MH DO DT (FP excluded); USPS ZIP to 2020 ZCTA by identity",0,0.7523,"CDI SB 824 Wildfire Risk Information data (docs/sources.md S2), Fire Risk Scores slice","calendar year 2023, 2024 report","ZIP-year (Count H + Count E) / (N+L+M+H+E), summed over policy forms HO RT CO MH DO DT (FP excluded); USPS ZIP to 2020 ZCTA by identity",0,0,0,,0,0,,1,FIRE_2017_CASCADE;FIRE_2017_LAPORTE;FIRE_2020_WILLOW;FIRE_2022_WINDING,MOR_2020_08_18;MOR_2024_07_03
95922,region,06115,381,2.8708,"CDI SB 824 Wildfire Risk Information data (docs/sources.md S2), Fire Risk Scores slice","calendar year 2018, 2024 report","ZIP-year mean of Avg Fire Risk (0-4) weighted by scored policy count N+L+M+H+E, summed over policy forms HO RT CO MH DO DT (FP excluded); USPS ZIP to 2020 ZCTA by identity",1,0.8462,"CDI SB 824 Wildfire Risk Information data (docs/sources.md S2), Fire Risk Scores slice","calendar year 2018, 2024 report","ZIP-year (Count H + Count E) / (N+L+M+H+E), summed over policy forms HO RT CO MH DO DT (FP excluded); USPS ZIP to 2020 ZCTA by identity",1,2.9353,"CDI SB 824 Wildfire Risk Information data (docs/sources.md S2), Fire Risk Scores slice","calendar year 2023, 2024 report","ZIP-year mean of Avg Fire Risk (0-4) weighted by scored policy count N+L+M+H+E, summed over policy forms HO RT CO MH DO DT (FP excluded); USPS ZIP to 2020 ZCTA by identity",0,0.8872,"CDI SB 824 Wildfire Risk Information data (docs/sources.md S2), Fire Risk Scores slice","calendar year 2023, 2024 report","ZIP-year (Count H + Count E) / (N+L+M+H+E), summed over policy forms HO RT CO MH DO DT (FP excluded); USPS ZIP to 2020 ZCTA by identity",0,0,0,,0,0,,1,FIRE_2017_LOBO;FIRE_2017_PLEASANT;FIRE_2020_JONES;FIRE_2022_RICES,MOR_2020_08_18
95925,region,06115,147,2.7399,"CDI SB 824 Wildfire Risk Information data (docs/sources.md S2), Fire Risk Scores slice","calendar year 2018, 2024 report","ZIP-year mean of Avg Fire Risk (0-4) weighted by scored policy count N+L+M+H+E, summed over policy forms HO RT CO MH DO DT (FP excluded); USPS ZIP to 2020 ZCTA by identity",1,0.8,"CDI SB 824 Wildfire Risk Information data (docs/sources.md S2), Fire Risk Scores slice","calendar year 2018, 2024 report","ZIP-year (Count H + Count E) / (N+L+M+H+E), summed over policy forms HO RT CO MH DO DT (FP excluded); USPS ZIP to 2020 ZCTA by identity",1,2.9217,"CDI SB 824 Wildfire Risk Information data (docs/sources.md S2), Fire Risk Scores slice","calendar year 2023, 2024 report","ZIP-year mean of Avg Fire Risk (0-4) weighted by scored policy count N+L+M+H+E, summed over policy forms HO RT CO MH DO DT (FP excluded); USPS ZIP to 2020 ZCTA by identity",0,0.9022,"CDI SB 824 Wildfire Risk Information data (docs/sources.md S2), Fire Risk Scores slice","calendar year 2023, 2024 report","ZIP-year (Count H + Count E) / (N+L+M+H+E), summed over policy forms HO RT CO MH DO DT (FP excluded); USPS ZIP to 2020 ZCTA by identity",0,0,0,,0,0,,0,,MOR_2020_08_18
95930,region,06115,184,2.6903,"CDI SB 824 Wildfire Risk Information data (docs/sources.md S2), Fire Risk Scores slice","calendar year 2018, 2024 report","ZIP-year mean of Avg Fire Risk (0-4) weighted by scored policy count N+L+M+H+E, summed over policy forms HO RT CO MH DO DT (FP excluded); USPS ZIP to 2020 ZCTA by identity",1,0.7677,"CDI SB 824 Wildfire Risk Information data (docs/sources.md S2), Fire Risk Scores slice","calendar year 2018, 2024 report","ZIP-year (Count H + Count E) / (N+L+M+H+E), summed over policy forms HO RT CO MH DO DT (FP excluded); USPS ZIP to 2020 ZCTA by identity",1,2.7927,"CDI SB 824 Wildfire Risk Information data (docs/sources.md S2), Fire Risk Scores slice","calendar year 2023, 2024 report","ZIP-year mean of Avg Fire Risk (0-4) weighted by scored policy count N+L+M+H+E, summed over policy forms HO RT CO MH DO DT (FP excluded); USPS ZIP to 2020 ZCTA by identity",0,0.7912,"CDI SB 824 Wildfire Risk Information data (docs/sources.md S2), Fire Risk Scores slice","calendar year 2023, 2024 report","ZIP-year (Count H + Count E) / (N+L+M+H+E), summed over policy forms HO RT CO MH DO DT (FP excluded); USPS ZIP to 2020 ZCTA by identity",0,0,0,,0,0,,0,,MOR_2020_08_18
95935,region,06115,367,2.6776,"CDI SB 824 Wildfire Risk Information data (docs/sources.md S2), Fire Risk Scores slice","calendar year 2018, 2024 report","ZIP-year mean of Avg Fire Risk (0-4) weighted by scored policy count N+L+M+H+E, summed over policy forms HO RT CO MH DO DT (FP excluded); USPS ZIP to 2020 ZCTA by identity",1,0.7037,"CDI SB 824 Wildfire Risk Information data (docs/sources.md S2), Fire Risk Scores slice","calendar year 2018, 2024 report","ZIP-year (Count H + Count E) / (N+L+M+H+E), summed over policy forms HO RT CO MH DO DT (FP excluded); USPS ZIP to 2020 ZCTA by identity",1,2.8705,"CDI SB 824 Wildfire Risk Information data (docs/sources.md S2), Fire Risk Scores slice","calendar year 2023, 2024 report","ZIP-year mean of Avg Fire Risk (0-4) weighted by scored policy count N+L+M+H+E, summed over policy forms HO RT CO MH DO DT (FP excluded); USPS ZIP to 2020 ZCTA by identity",0,0.8,"CDI SB 824 Wildfire Risk Information data (docs/sources.md S2), Fire Risk Scores slice","calendar year 2023, 2024 report","ZIP-year (Count H + Count E) / (N+L+M+H+E), summed over policy forms HO RT CO MH DO DT (FP excluded); USPS ZIP to 2020 ZCTA by identity",0,0,0,,0,0,,1,FIRE_2020_WILLOW;FIRE_2022_RICES;FIRE_2022_WINDING,
95936,region,06091,275,2.7538,"CDI SB 824 Wildfire Risk Information data (docs/sources.md S2), Fire Risk Scores slice","calendar year 2018, 2024 report","ZIP-year mean of Avg Fire Risk (0-4) weighted by scored policy count N+L+M+H+E, summed over policy forms HO RT CO MH DO DT (FP excluded); USPS ZIP to 2020 ZCTA by identity",1,0.6992,"CDI SB 824 Wildfire Risk Information data (docs/sources.md S2), Fire Risk Scores slice","calendar year 2018, 2024 report","ZIP-year (Count H + Count E) / (N+L+M+H+E), summed over policy forms HO RT CO MH DO DT (FP excluded); USPS ZIP to 2020 ZCTA by identity",1,2.8316,"CDI SB 824 Wildfire Risk Information data (docs/sources.md S2), Fire Risk Scores slice","calendar year 2023, 2024 report","ZIP-year mean of Avg Fire Risk (0-4) weighted by scored policy count N+L+M+H+E, summed over policy forms HO RT CO MH DO DT (FP excluded); USPS ZIP to 2020 ZCTA by identity",0,0.7524,"CDI SB 824 Wildfire Risk Information data (docs/sources.md S2), Fire Risk Scores slice","calendar year 2023, 2024 report","ZIP-year (Count H + Count E) / (N+L+M+H+E), summed over policy forms HO RT CO MH DO DT (FP excluded); USPS ZIP to 2020 ZCTA by identity",0,0,0,,0,0,,0,,
95941,region,06115,247,2.7403,"CDI SB 824 Wildfire Risk Information data (docs/sources.md S2), Fire Risk Scores slice","calendar year 2018, 2024 report","ZIP-year mean of Avg Fire Risk (0-4) weighted by scored policy count N+L+M+H+E, summed over policy forms HO RT CO MH DO DT (FP excluded); USPS ZIP to 2020 ZCTA by identity",1,0.6875,"CDI SB 824 Wildfire Risk Information data (docs/sources.md S2), Fire Risk Scores slice","calendar year 2018, 2024 report","ZIP-year (Count H + Count E) / (N+L+M+H+E), summed over policy forms HO RT CO MH DO DT (FP excluded); USPS ZIP to 2020 ZCTA by identity",1,2.6252,"CDI SB 824 Wildfire Risk Information data (docs/sources.md S2), Fire Risk Scores slice","calendar year 2023, 2024 report","ZIP-year mean of Avg Fire Risk (0-4) weighted by scored policy count N+L+M+H+E, summed over policy forms HO RT CO MH DO DT (FP excluded); USPS ZIP to 2020 ZCTA by identity",0,0.6093,"CDI SB 824 Wildfire Risk Information data (docs/sources.md S2), Fire Risk Scores slice","calendar year 2023, 2024 report","ZIP-year (Count H + Count E) / (N+L+M+H+E), summed over policy forms HO RT CO MH DO DT (FP excluded); USPS ZIP to 2020 ZCTA by identity",0,0,0,,0,0,,0,,MOR_2020_08_18;MOR_2024_07_03
95944,region,06091,30,2.9371,"CDI SB 824 Wildfire Risk Information data (docs/sources.md S2), Fire Risk Scores slice","calendar year 2018, 2024 report","ZIP-year mean of Avg Fire Risk (0-4) weighted by scored policy count N+L+M+H+E, summed over policy forms HO RT CO MH DO DT (FP excluded); USPS ZIP to 2020 ZCTA by identity",1,0.8235,"CDI SB 824 Wildfire Risk Information data (docs/sources.md S2), Fire Risk Scores slice","calendar year 2018, 2024 report","ZIP-year (Count H + Count E) / (N+L+M+H+E), summed over policy forms HO RT CO MH DO DT (FP excluded); USPS ZIP to 2020 ZCTA by identity",1,3.0005,"CDI SB 824 Wildfire Risk Information data (docs/sources.md S2), Fire Risk Scores slice","calendar year 2023, 2024 report","ZIP-year mean of Avg Fire Risk (0-4) weighted by scored policy count N+L+M+H+E, summed over policy forms HO RT CO MH DO DT (FP excluded); USPS ZIP to 2020 ZCTA by identity",0,0.8636,"CDI SB 824 Wildfire Risk Information data (docs/sources.md S2), Fire Risk Scores slice","calendar year 2023, 2024 report","ZIP-year (Count H + Count E) / (N+L+M+H+E), summed over policy forms HO RT CO MH DO DT (FP excluded); USPS ZIP to 2020 ZCTA by identity",0,0,0,,0,0,,0,,
95945,core,06057,12297,2.1487,"CDI SB 824 Wildfire Risk Information data (docs/sources.md S2), Fire Risk Scores slice","calendar year 2018, 2024 report","ZIP-year mean of Avg Fire Risk (0-4) weighted by scored policy count N+L+M+H+E, summed over policy forms HO RT CO MH DO DT (FP excluded); USPS ZIP to 2020 ZCTA by identity",1,0.4639,"CDI SB 824 Wildfire Risk Information data (docs/sources.md S2), Fire Risk Scores slice","calendar year 2018, 2024 report","ZIP-year (Count H + Count E) / (N+L+M+H+E), summed over policy forms HO RT CO MH DO DT (FP excluded); USPS ZIP to 2020 ZCTA by identity",1,2.312,"CDI SB 824 Wildfire Risk Information data (docs/sources.md S2), Fire Risk Scores slice","calendar year 2023, 2024 report","ZIP-year mean of Avg Fire Risk (0-4) weighted by scored policy count N+L+M+H+E, summed over policy forms HO RT CO MH DO DT (FP excluded); USPS ZIP to 2020 ZCTA by identity",0,0.5291,"CDI SB 824 Wildfire Risk Information data (docs/sources.md S2), Fire Risk Scores slice","calendar year 2023, 2024 report","ZIP-year (Count H + Count E) / (N+L+M+H+E), summed over policy forms HO RT CO MH DO DT (FP excluded); USPS ZIP to 2020 ZCTA by identity",0,0,1,FIRE_2021_RIVER,61,2,2021-08-04,1,FIRE_2017_LOBO;FIRE_2017_MCCOURTNEY;FIRE_2017_PLEASANT;FIRE_2020_JONES;FIRE_2022_STILL,MOR_2020_08_18;MOR_2021_08_05
95946,core,06057,4750,2.1403,"CDI SB 824 Wildfire Risk Information data (docs/sources.md S2), Fire Risk Scores slice","calendar year 2018, 2024 report","ZIP-year mean of Avg Fire Risk (0-4) weighted by scored policy count N+L+M+H+E, summed over policy forms HO RT CO MH DO DT (FP excluded); USPS ZIP to 2020 ZCTA by identity",1,0.4636,"CDI SB 824 Wildfire Risk Information data (docs/sources.md S2), Fire Risk Scores slice","calendar year 2018, 2024 report","ZIP-year (Count H + Count E) / (N+L+M+H+E), summed over policy forms HO RT CO MH DO DT (FP excluded); USPS ZIP to 2020 ZCTA by identity",1,2.2867,"CDI SB 824 Wildfire Risk Information data (docs/sources.md S2), Fire Risk Scores slice","calendar year 2023, 2024 report","ZIP-year mean of Avg Fire Risk (0-4) weighted by scored policy count N+L+M+H+E, summed over policy forms HO RT CO MH DO DT (FP excluded); USPS ZIP to 2020 ZCTA by identity",0,0.4168,"CDI SB 824 Wildfire Risk Information data (docs/sources.md S2), Fire Risk Scores slice","calendar year 2023, 2024 report","ZIP-year (Count H + Count E) / (N+L+M+H+E), summed over policy forms HO RT CO MH DO DT (FP excluded); USPS ZIP to 2020 ZCTA by identity",0,0,0,,0,0,,1,FIRE_2017_LOBO;FIRE_2017_MCCOURTNEY;FIRE_2017_PLEASANT;FIRE_2020_JONES;FIRE_2020_WILLOW;FIRE_2021_RIVER;FIRE_2022_RICES;FIRE_2022_STILL;FIRE_2022_WINDING,MOR_2020_08_18;MOR_2021_08_05
95949,core,06057,9211,2.5225,"CDI SB 824 Wildfire Risk Information data (docs/sources.md S2), Fire Risk Scores slice","calendar year 2018, 2024 report","ZIP-year mean of Avg Fire Risk (0-4) weighted by scored policy count N+L+M+H+E, summed over policy forms HO RT CO MH DO DT (FP excluded); USPS ZIP to 2020 ZCTA by identity",1,0.6678,"CDI SB 824 Wildfire Risk Information data (docs/sources.md S2), Fire Risk Scores slice","calendar year 2018, 2024 report","ZIP-year (Count H + Count E) / (N+L+M+H+E), summed over policy forms HO RT CO MH DO DT (FP excluded); USPS ZIP to 2020 ZCTA by identity",1,2.6506,"CDI SB 824 Wildfire Risk Information data (docs/sources.md S2), Fire Risk Scores slice","calendar year 2023, 2024 report","ZIP-year mean of Avg Fire Risk (0-4) weighted by scored policy count N+L+M+H+E, summed over policy forms HO RT CO MH DO DT (FP excluded); USPS ZIP to 2020 ZCTA by identity",0,0.6712,"CDI SB 824 Wildfire Risk Information data (docs/sources.md S2), Fire Risk Scores slice","calendar year 2023, 2024 report","ZIP-year (Count H + Count E) / (N+L+M+H+E), summed over policy forms HO RT CO MH DO DT (FP excluded); USPS ZIP to 2020 ZCTA by identity",0,0,1,FIRE_2017_MCCOURTNEY;FIRE_2021_RIVER;FIRE_2022_STILL,33,0,2017-10-09,1,FIRE_2017_LOBO;FIRE_2017_SPENCEVILLE;FIRE_2021_INTANKO,MOR_2021_08_05
95959,core,06057,8925,2.71,"CDI SB 824 Wildfire Risk Information data (docs/sources.md S2), Fire Risk Scores slice","calendar year 2018, 2024 report","ZIP-year mean of Avg Fire Risk (0-4) weighted by scored policy count N+L+M+H+E, summed over policy forms HO RT CO MH DO DT (FP excluded); USPS ZIP to 2020 ZCTA by identity",1,0.7212,"CDI SB 824 Wildfire Risk Information data (docs/sources.md S2), Fire Risk Scores slice","calendar year 2018, 2024 report","ZIP-year (Count H + Count E) / (N+L+M+H+E), summed over policy forms HO RT CO MH DO DT (FP excluded); USPS ZIP to 2020 ZCTA by identity",1,2.8028,"CDI SB 824 Wildfire Risk Information data (docs/sources.md S2), Fire Risk Scores slice","calendar year 2023, 2024 report","ZIP-year mean of Avg Fire Risk (0-4) weighted by scored policy count N+L+M+H+E, summed over policy forms HO RT CO MH DO DT (FP excluded); USPS ZIP to 2020 ZCTA by identity",0,0.7775,"CDI SB 824 Wildfire Risk Information data (docs/sources.md S2), Fire Risk Scores slice","calendar year 2023, 2024 report","ZIP-year (Count H + Count E) / (N+L+M+H+E), summed over policy forms HO RT CO MH DO DT (FP excluded); USPS ZIP to 2020 ZCTA by identity",0,0,1,FIRE_2017_PLEASANT;FIRE_2017_LOBO;FIRE_2020_JONES,26,1,2017-08-30,1,FIRE_2021_RIVER;FIRE_2022_RICES,MOR_2020_08_18;MOR_2021_08_05
95960,fringe,06091,384,2.8414,"CDI SB 824 Wildfire Risk Information data (docs/sources.md S2), Fire Risk Scores slice","calendar year 2018, 2024 report","ZIP-year mean of Avg Fire Risk (0-4) weighted by scored policy count N+L+M+H+E, summed over policy forms HO RT CO MH DO DT (FP excluded); USPS ZIP to 2020 ZCTA by identity",1,0.8,"CDI SB 824 Wildfire Risk Information data (docs/sources.md S2), Fire Risk Scores slice","calendar year 2018, 2024 report","ZIP-year (Count H + Count E) / (N+L+M+H+E), summed over policy forms HO RT CO MH DO DT (FP excluded); USPS ZIP to 2020 ZCTA by identity",1,2.9485,"CDI SB 824 Wildfire Risk Information data (docs/sources.md S2), Fire Risk Scores slice","calendar year 2023, 2024 report","ZIP-year mean of Avg Fire Risk (0-4) weighted by scored policy count N+L+M+H+E, summed over policy forms HO RT CO MH DO DT (FP excluded); USPS ZIP to 2020 ZCTA by identity",0,0.8673,"CDI SB 824 Wildfire Risk Information data (docs/sources.md S2), Fire Risk Scores slice","calendar year 2023, 2024 report","ZIP-year (Count H + Count E) / (N+L+M+H+E), summed over policy forms HO RT CO MH DO DT (FP excluded); USPS ZIP to 2020 ZCTA by identity",0,0,1,FIRE_2022_RICES,4,0,2022-06-28,1,FIRE_2017_LOBO;FIRE_2017_PLEASANT;FIRE_2020_JONES;FIRE_2020_WILLOW;FIRE_2022_WINDING,MOR_2020_08_18
95961,region,06115,9580,0.3532,"CDI SB 824 Wildfire Risk Information data (docs/sources.md S2), Fire Risk Scores slice","calendar year 2018, 2024 report","ZIP-year mean of Avg Fire Risk (0-4) weighted by scored policy count N+L+M+H+E, summed over policy forms HO RT CO MH DO DT (FP excluded); USPS ZIP to 2020 ZCTA by identity",1,0.0,"CDI SB 824 Wildfire Risk Information data (docs/sources.md S2), Fire Risk Scores slice","calendar year 2018, 2024 report","ZIP-year (Count H + Count E) / (N+L+M+H+E), summed over policy forms HO RT CO MH DO DT (FP excluded); USPS ZIP to 2020 ZCTA by identity",1,0.3636,"CDI SB 824 Wildfire Risk Information data (docs/sources.md S2), Fire Risk Scores slice","calendar year 2023, 2024 report","ZIP-year mean of Avg Fire Risk (0-4) weighted by scored policy count N+L+M+H+E, summed over policy forms HO RT CO MH DO DT (FP excluded); USPS ZIP to 2020 ZCTA by identity",0,0.0002,"CDI SB 824 Wildfire Risk Information data (docs/sources.md S2), Fire Risk Scores slice","calendar year 2023, 2024 report","ZIP-year (Count H + Count E) / (N+L+M+H+E), summed over policy forms HO RT CO MH DO DT (FP excluded); USPS ZIP to 2020 ZCTA by identity",0,0,0,,0,0,,1,FIRE_2017_CASCADE;FIRE_2017_SPENCEVILLE;FIRE_2021_INTANKO,
95962,region,06115,668,2.6921,"CDI SB 824 Wildfire Risk Information data (docs/sources.md S2), Fire Risk Scores slice","calendar year 2018, 2024 report","ZIP-year mean of Avg Fire Risk (0-4) weighted by scored policy count N+L+M+H+E, summed over policy forms HO RT CO MH DO DT (FP excluded); USPS ZIP to 2020 ZCTA by identity",1,0.7868,"CDI SB 824 Wildfire Risk Information data (docs/sources.md S2), Fire Risk Scores slice","calendar year 2018, 2024 report","ZIP-year (Count H + Count E) / (N+L+M+H+E), summed over policy forms HO RT CO MH DO DT (FP excluded); USPS ZIP to 2020 ZCTA by identity",1,2.8259,"CDI SB 824 Wildfire Risk Information data (docs/sources.md S2), Fire Risk Scores slice","calendar year 2023, 2024 report","ZIP-year mean of Avg Fire Risk (0-4) weighted by scored policy count N+L+M+H+E, summed over policy forms HO RT CO MH DO DT (FP excluded); USPS ZIP to 2020 ZCTA by identity",0,0.8128,"CDI SB 824 Wildfire Risk Information data (docs/sources.md S2), Fire Risk Scores slice","calendar year 2023, 2024 report","ZIP-year (Count H + Count E) / (N+L+M+H+E), summed over policy forms HO RT CO MH DO DT (FP excluded); USPS ZIP to 2020 ZCTA by identity",0,0,1,FIRE_2020_WILLOW;FIRE_2022_WINDING,5,1,2020-09-01,1,FIRE_2017_CASCADE;FIRE_2022_RICES,
95966,region,06115,13255,1.6257,"CDI SB 824 Wildfire Risk Information data (docs/sources.md S2), Fire Risk Scores slice","calendar year 2018, 2024 report","ZIP-year mean of Avg Fire Risk (0-4) weighted by scored policy count N+L+M+H+E, summed over policy forms HO RT CO MH DO DT (FP excluded); USPS ZIP to 2020 ZCTA by identity",1,0.2452,"CDI SB 824 Wildfire Risk Information data (docs/sources.md S2), Fire Risk Scores slice","calendar year 2018, 2024 report","ZIP-year (Count H + Count E) / (N+L+M+H+E), summed over policy forms HO RT CO MH DO DT (FP excluded); USPS ZIP to 2020 ZCTA by identity",1,1.7437,"CDI SB 824 Wildfire Risk Information data (docs/sources.md S2), Fire Risk Scores slice","calendar year 2023, 2024 report","ZIP-year mean of Avg Fire Risk (0-4) weighted by scored policy count N+L+M+H+E, summed over policy forms HO RT CO MH DO DT (FP excluded); USPS ZIP to 2020 ZCTA by identity",0,0.2607,"CDI SB 824 Wildfire Risk Information data (docs/sources.md S2), Fire Risk Scores slice","calendar year 2023, 2024 report","ZIP-year (Count H + Count E) / (N+L+M+H+E), summed over policy forms HO RT CO MH DO DT (FP excluded); USPS ZIP to 2020 ZCTA by identity",0,0,0,,0,0,,1,FIRE_2017_CASCADE,MOR_2020_08_18;MOR_2021_07_23;MOR_2021_08_10;MOR_2024_07_03
95972,region,06115,43,2.7061,"CDI SB 824 Wildfire Risk Information data (docs/sources.md S2), Fire Risk Scores slice","calendar year 2018, 2024 report","ZIP-year mean of Avg Fire Risk (0-4) weighted by scored policy count N+L+M+H+E, summed over policy forms HO RT CO MH DO DT (FP excluded); USPS ZIP to 2020 ZCTA by identity",1,0.8043,"CDI SB 824 Wildfire Risk Information data (docs/sources.md S2), Fire Risk Scores slice","calendar year 2018, 2024 report","ZIP-year (Count H + Count E) / (N+L+M+H+E), summed over policy forms HO RT CO MH DO DT (FP excluded); USPS ZIP to 2020 ZCTA by identity",1,2.6767,"CDI SB 824 Wildfire Risk Information data (docs/sources.md S2), Fire Risk Scores slice","calendar year 2023, 2024 report","ZIP-year mean of Avg Fire Risk (0-4) weighted by scored policy count N+L+M+H+E, summed over policy forms HO RT CO MH DO DT (FP excluded); USPS ZIP to 2020 ZCTA by identity",0,0.7727,"CDI SB 824 Wildfire Risk Information data (docs/sources.md S2), Fire Risk Scores slice","calendar year 2023, 2024 report","ZIP-year (Count H + Count E) / (N+L+M+H+E), summed over policy forms HO RT CO MH DO DT (FP excluded); USPS ZIP to 2020 ZCTA by identity",0,0,1,FIRE_2017_LAPORTE,2,0,2017-10-09,1,FIRE_2017_CASCADE;FIRE_2020_WILLOW,MOR_2020_08_18;MOR_2024_07_03
95975,core,06057,824,2.8498,"CDI SB 824 Wildfire Risk Information data (docs/sources.md S2), Fire Risk Scores slice","calendar year 2018, 2024 report","ZIP-year mean of Avg Fire Risk (0-4) weighted by scored policy count N+L+M+H+E, summed over policy forms HO RT CO MH DO DT (FP excluded); USPS ZIP to 2020 ZCTA by identity",1,0.8152,"CDI SB 824 Wildfire Risk Information data (docs/sources.md S2), Fire Risk Scores slice","calendar year 2018, 2024 report","ZIP-year (Count H + Count E) / (N+L+M+H+E), summed over policy forms HO RT CO MH DO DT (FP excluded); USPS ZIP to 2020 ZCTA by identity",1,2.9464,"CDI SB 824 Wildfire Risk Information data (docs/sources.md S2), Fire Risk Scores slice","calendar year 2023, 2024 report","ZIP-year mean of Avg Fire Risk (0-4) weighted by scored policy count N+L+M+H+E, summed over policy forms HO RT CO MH DO DT (FP excluded); USPS ZIP to 2020 ZCTA by identity",0,0.8521,"CDI SB 824 Wildfire Risk Information data (docs/sources.md S2), Fire Risk Scores slice","calendar year 2023, 2024 report","ZIP-year (Count H + Count E) / (N+L+M+H+E), summed over policy forms HO RT CO MH DO DT (FP excluded); USPS ZIP to 2020 ZCTA by identity",0,0,1,FIRE_2017_LOBO,40,0,2017-10-08,1,FIRE_2017_MCCOURTNEY;FIRE_2017_PLEASANT;FIRE_2020_JONES;FIRE_2021_RIVER;FIRE_2022_STILL,MOR_2020_08_18;MOR_2021_08_05
95977,fringe,06115,766,2.1626,"CDI SB 824 Wildfire Risk Information data (docs/sources.md S2), Fire Risk Scores slice","calendar year 2018, 2024 report","ZIP-year mean of Avg Fire Risk (0-4) weighted by scored policy count N+L+M+H+E, summed over policy forms HO RT CO MH DO DT (FP excluded); USPS ZIP to 2020 ZCTA by identity",1,0.4646,"CDI SB 824 Wildfire Risk Information data (docs/sources.md S2), Fire Risk Scores slice","calendar year 2018, 2024 report","ZIP-year (Count H + Count E) / (N+L+M+H+E), summed over policy forms HO RT CO MH DO DT (FP excluded); USPS ZIP to 2020 ZCTA by identity",1,2.3321,"CDI SB 824 Wildfire Risk Information data (docs/sources.md S2), Fire Risk Scores slice","calendar year 2023, 2024 report","ZIP-year mean of Avg Fire Risk (0-4) weighted by scored policy count N+L+M+H+E, summed over policy forms HO RT CO MH DO DT (FP excluded); USPS ZIP to 2020 ZCTA by identity",0,0.5148,"CDI SB 824 Wildfire Risk Information data (docs/sources.md S2), Fire Risk Scores slice","calendar year 2023, 2024 report","ZIP-year (Count H + Count E) / (N+L+M+H+E), summed over policy forms HO RT CO MH DO DT (FP excluded); USPS ZIP to 2020 ZCTA by identity",0,0,0,,0,0,,1,FIRE_2017_CASCADE;FIRE_2017_MCCOURTNEY;FIRE_2017_SPENCEVILLE;FIRE_2020_WILLOW;FIRE_2021_INTANKO;FIRE_2021_RIVER;FIRE_2022_STILL;FIRE_2022_WINDING,
95981,region,06115,341,2.711,"CDI SB 824 Wildfire Risk Information data (docs/sources.md S2), Fire Risk Scores slice","calendar year 2018, 2024 report","ZIP-year mean of Avg Fire Risk (0-4) weighted by scored policy count N+L+M+H+E, summed over policy forms HO RT CO MH DO DT (FP excluded); USPS ZIP to 2020 ZCTA by identity",1,0.6322,"CDI SB 824 Wildfire Risk Information data (docs/sources.md S2), Fire Risk Scores slice","calendar year 2018, 2024 report","ZIP-year (Count H + Count E) / (N+L+M+H+E), summed over policy forms HO RT CO MH DO DT (FP excluded); USPS ZIP to 2020 ZCTA by identity",1,2.759,"CDI SB 824 Wildfire Risk Information data (docs/sources.md S2), Fire Risk Scores slice","calendar year 2023, 2024 report","ZIP-year mean of Avg Fire Risk (0-4) weighted by scored policy count N+L+M+H+E, summed over policy forms HO RT CO MH DO DT (FP excluded); USPS ZIP to 2020 ZCTA by identity",0,0.6986,"CDI SB 824 Wildfire Risk Information data (docs/sources.md S2), Fire Risk Scores slice","calendar year 2023, 2024 report","ZIP-year (Count H + Count E) / (N+L+M+H+E), summed over policy forms HO RT CO MH DO DT (FP excluded); USPS ZIP to 2020 ZCTA by identity",0,0,0,,0,0,,0,,MOR_2020_08_18;MOR_2021_07_23;MOR_2021_08_10
95986,core,06057,88,3.2126,"CDI SB 824 Wildfire Risk Information data (docs/sources.md S2), Fire Risk Scores slice","calendar year 2018, 2024 report","ZIP-year mean of Avg Fire Risk (0-4) weighted by scored policy count N+L+M+H+E, summed over policy forms HO RT CO MH DO DT (FP excluded); USPS ZIP to 2020 ZCTA by identity",1,0.9118,"CDI SB 824 Wildfire Risk Information data (docs/sources.md S2), Fire Risk Scores slice","calendar year 2018, 2024 report","ZIP-year (Count H + Count E) / (N+L+M+H+E), summed over policy forms HO RT CO MH DO DT (FP excluded); USPS ZIP to 2020 ZCTA by identity",1,3.1753,"CDI SB 824 Wildfire Risk Information data (docs/sources.md S2), Fire Risk Scores slice","calendar year 2023, 2024 report","ZIP-year mean of Avg Fire Risk (0-4) weighted by scored policy count N+L+M+H+E, summed over policy forms HO RT CO MH DO DT (FP excluded); USPS ZIP to 2020 ZCTA by identity",0,0.9796,"CDI SB 824 Wildfire Risk Information data (docs/sources.md S2), Fire Risk Scores slice","calendar year 2023, 2024 report","ZIP-year (Count H + Count E) / (N+L+M+H+E), summed over policy forms HO RT CO MH DO DT (FP excluded); USPS ZIP to 2020 ZCTA by identity",0,0,0,,0,0,,1,FIRE_2017_LOBO;FIRE_2017_PLEASANT;FIRE_2020_JONES,MOR_2020_08_18;MOR_2021_08_05
96105,region,06091,327,2.1874,"CDI SB 824 Wildfire Risk Information data (docs/sources.md S2), Fire Risk Scores slice","calendar year 2018, 2024 report","ZIP-year mean of Avg Fire Risk (0-4) weighted by scored policy count N+L+M+H+E, summed over policy forms HO RT CO MH DO DT (FP excluded); USPS ZIP to 2020 ZCTA by identity",1,0.3901,"CDI SB 824 Wildfire Risk Information data (docs/sources.md S2), Fire Risk Scores slice","calendar year 2018, 2024 report","ZIP-year (Count H + Count E) / (N+L+M+H+E), summed over policy forms HO RT CO MH DO DT (FP excluded); USPS ZIP to 2020 ZCTA by identity",1,2.0519,"CDI SB 824 Wildfire Risk Information data (docs/sources.md S2), Fire Risk Scores slice","calendar year 2023, 2024 report","ZIP-year mean of Avg Fire Risk (0-4) weighted by scored policy count N+L+M+H+E, summed over policy forms HO RT CO MH DO DT (FP excluded); USPS ZIP to 2020 ZCTA by identity",0,0.3392,"CDI SB 824 Wildfire Risk Information data (docs/sources.md S2), Fire Risk Scores slice","calendar year 2023, 2024 report","ZIP-year (Count H + Count E) / (N+L+M+H+E), summed over policy forms HO RT CO MH DO DT (FP excluded); USPS ZIP to 2020 ZCTA by identity",0,0,0,,0,0,,0,,MOR_2020_08_18;MOR_2021_07_16;MOR_2021_07_23;MOR_2021_08_10;MOR_2024_07_26
96111,excluded_east,06057,43,2.8276,"CDI SB 824 Wildfire Risk Information data (docs/sources.md S2), Fire Risk Scores slice","calendar year 2018, 2024 report","ZIP-year mean of Avg Fire Risk (0-4) weighted by scored policy count N+L+M+H+E, summed over policy forms HO RT CO MH DO DT (FP excluded); USPS ZIP to 2020 ZCTA by identity",1,0.9565,"CDI SB 824 Wildfire Risk Information data (docs/sources.md S2), Fire Risk Scores slice","calendar year 2018, 2024 report","ZIP-year (Count H + Count E) / (N+L+M+H+E), summed over policy forms HO RT CO MH DO DT (FP excluded); USPS ZIP to 2020 ZCTA by identity",1,2.9339,"CDI SB 824 Wildfire Risk Information data (docs/sources.md S2), Fire Risk Scores slice","calendar year 2023, 2024 report","ZIP-year mean of Avg Fire Risk (0-4) weighted by scored policy count N+L+M+H+E, summed over policy forms HO RT CO MH DO DT (FP excluded); USPS ZIP to 2020 ZCTA by identity",0,0.9028,"CDI SB 824 Wildfire Risk Information data (docs/sources.md S2), Fire Risk Scores slice","calendar year 2023, 2024 report","ZIP-year (Count H + Count E) / (N+L+M+H+E), summed over policy forms HO RT CO MH DO DT (FP excluded); USPS ZIP to 2020 ZCTA by identity",0,0,0,,0,0,,0,,MOR_2020_08_18;MOR_2024_11_01
96118,region,06091,707,1.3635,"CDI SB 824 Wildfire Risk Information data (docs/sources.md S2), Fire Risk Scores slice","calendar year 2018, 2024 report","ZIP-year mean of Avg Fire Risk (0-4) weighted by scored policy count N+L+M+H+E, summed over policy forms HO RT CO MH DO DT (FP excluded); USPS ZIP to 2020 ZCTA by identity",1,0.0885,"CDI SB 824 Wildfire Risk Information data (docs/sources.md S2), Fire Risk Scores slice","calendar year 2018, 2024 report","ZIP-year (Count H + Count E) / (N+L+M+H+E), summed over policy forms HO RT CO MH DO DT (FP excluded); USPS ZIP to 2020 ZCTA by identity",1,1.4093,"CDI SB 824 Wildfire Risk Information data (docs/sources.md S2), Fire Risk Scores slice","calendar year 2023, 2024 report","ZIP-year mean of Avg Fire Risk (0-4) weighted by scored policy count N+L+M+H+E, summed over policy forms HO RT CO MH DO DT (FP excluded); USPS ZIP to 2020 ZCTA by identity",0,0.1118,"CDI SB 824 Wildfire Risk Information data (docs/sources.md S2), Fire Risk Scores slice","calendar year 2023, 2024 report","ZIP-year (Count H + Count E) / (N+L+M+H+E), summed over policy forms HO RT CO MH DO DT (FP excluded); USPS ZIP to 2020 ZCTA by identity",0,0,0,,0,0,,0,,MOR_2020_08_18;MOR_2021_07_16;MOR_2021_07_23;MOR_2021_08_10;MOR_2024_07_26;MOR_2024_11_01
96124,region,06091,294,2.5518,"CDI SB 824 Wildfire Risk Information data (docs/sources.md S2), Fire Risk Scores slice","calendar year 2018, 2024 report","ZIP-year mean of Avg Fire Risk (0-4) weighted by scored policy count N+L+M+H+E, summed over policy forms HO RT CO MH DO DT (FP excluded); USPS ZIP to 2020 ZCTA by identity",1,0.5767,"CDI SB 824 Wildfire Risk Information data (docs/sources.md S2), Fire Risk Scores slice","calendar year 2018, 2024 report","ZIP-year (Count H + Count E) / (N+L+M+H+E), summed over policy forms HO RT CO MH DO DT (FP excluded); USPS ZIP to 2020 ZCTA by identity",1,2.4743,"CDI SB 824 Wildfire Risk Information data (docs/sources.md S2), Fire Risk Scores slice","calendar year 2023, 2024 report","ZIP-year mean of Avg Fire Risk (0-4) weighted by scored policy count N+L+M+H+E, summed over policy forms HO RT CO MH DO DT (FP excluded); USPS ZIP to 2020 ZCTA by identity",0,0.5169,"CDI SB 824 Wildfire Risk Information data (docs/sources.md S2), Fire Risk Scores slice","calendar year 2023, 2024 report","ZIP-year (Count H + Count E) / (N+L+M+H+E), summed over policy forms HO RT CO MH DO DT (FP excluded); USPS ZIP to 2020 ZCTA by identity",0,0,0,,0,0,,0,,MOR_2020_08_18;MOR_2021_07_16;MOR_2021_07_23;MOR_2021_08_10;MOR_2024_07_26;MOR_2024_11_01
96125,region,06091,399,2.7123,"CDI SB 824 Wildfire Risk Information data (docs/sources.md S2), Fire Risk Scores slice","calendar year 2018, 2024 report","ZIP-year mean of Avg Fire Risk (0-4) weighted by scored policy count N+L+M+H+E, summed over policy forms HO RT CO MH DO DT (FP excluded); USPS ZIP to 2020 ZCTA by identity",1,0.7344,"CDI SB 824 Wildfire Risk Information data (docs/sources.md S2), Fire Risk Scores slice","calendar year 2018, 2024 report","ZIP-year (Count H + Count E) / (N+L+M+H+E), summed over policy forms HO RT CO MH DO DT (FP excluded); USPS ZIP to 2020 ZCTA by identity",1,2.8067,"CDI SB 824 Wildfire Risk Information data (docs/sources.md S2), Fire Risk Scores slice","calendar year 2023, 2024 report","ZIP-year mean of Avg Fire Risk (0-4) weighted by scored policy count N+L+M+H+E, summed over policy forms HO RT CO MH DO DT (FP excluded); USPS ZIP to 2020 ZCTA by identity",0,0.8169,"CDI SB 824 Wildfire Risk Information data (docs/sources.md S2), Fire Risk Scores slice","calendar year 2023, 2024 report","ZIP-year (Count H + Count E) / (N+L+M+H+E), summed over policy forms HO RT CO MH DO DT (FP excluded); USPS ZIP to 2020 ZCTA by identity",0,0,0,,0,0,,0,,MOR_2020_08_18
96126,region,06091,143,1.8479,"CDI SB 824 Wildfire Risk Information data (docs/sources.md S2), Fire Risk Scores slice","calendar year 2018, 2024 report","ZIP-year mean of Avg Fire Risk (0-4) weighted by scored policy count N+L+M+H+E, summed over policy forms HO RT CO MH DO DT (FP excluded); USPS ZIP to 2020 ZCTA by identity",1,0.2857,"CDI SB 824 Wildfire Risk Information data (docs/sources.md S2), Fire Risk Scores slice","calendar year 2018, 2024 report","ZIP-year (Count H + Count E) / (N+L+M+H+E), summed over policy forms HO RT CO MH DO DT (FP excluded); USPS ZIP to 2020 ZCTA by identity",1,2.0529,"CDI SB 824 Wildfire Risk Information data (docs/sources.md S2), Fire Risk Scores slice","calendar year 2023, 2024 report","ZIP-year mean of Avg Fire Risk (0-4) weighted by scored policy count N+L+M+H+E, summed over policy forms HO RT CO MH DO DT (FP excluded); USPS ZIP to 2020 ZCTA by identity",0,0.3103,"CDI SB 824 Wildfire Risk Information data (docs/sources.md S2), Fire Risk Scores slice","calendar year 2023, 2024 report","ZIP-year (Count H + Count E) / (N+L+M+H+E), summed over policy forms HO RT CO MH DO DT (FP excluded); USPS ZIP to 2020 ZCTA by identity",0,0,0,,0,0,,0,,MOR_2020_08_18;MOR_2021_07_16;MOR_2021_07_23;MOR_2021_08_10;MOR_2024_07_26;MOR_2024_11_01
96140,region,06061,1584,2.0557,"CDI SB 824 Wildfire Risk Information data (docs/sources.md S2), Fire Risk Scores slice","calendar year 2018, 2024 report","ZIP-year mean of Avg Fire Risk (0-4) weighted by scored policy count N+L+M+H+E, summed over policy forms HO RT CO MH DO DT (FP excluded); USPS ZIP to 2020 ZCTA by identity",1,0.4653,"CDI SB 824 Wildfire Risk Information data (docs/sources.md S2), Fire Risk Scores slice","calendar year 2018, 2024 report","ZIP-year (Count H + Count E) / (N+L+M+H+E), summed over policy forms HO RT CO MH DO DT (FP excluded); USPS ZIP to 2020 ZCTA by identity",1,2.742,"CDI SB 824 Wildfire Risk Information data (docs/sources.md S2), Fire Risk Scores slice","calendar year 2023, 2024 report","ZIP-year mean of Avg Fire Risk (0-4) weighted by scored policy count N+L+M+H+E, summed over policy forms HO RT CO MH DO DT (FP excluded); USPS ZIP to 2020 ZCTA by identity",0,0.7833,"CDI SB 824 Wildfire Risk Information data (docs/sources.md S2), Fire Risk Scores slice","calendar year 2023, 2024 report","ZIP-year (Count H + Count E) / (N+L+M+H+E), summed over policy forms HO RT CO MH DO DT (FP excluded); USPS ZIP to 2020 ZCTA by identity",0,0,0,,0,0,,0,,
96141,region,06061,1497,2.0025,"CDI SB 824 Wildfire Risk Information data (docs/sources.md S2), Fire Risk Scores slice","calendar year 2018, 2024 report","ZIP-year mean of Avg Fire Risk (0-4) weighted by scored policy count N+L+M+H+E, summed over policy forms HO RT CO MH DO DT (FP excluded); USPS ZIP to 2020 ZCTA by identity",1,0.2805,"CDI SB 824 Wildfire Risk Information data (docs/sources.md S2), Fire Risk Scores slice","calendar year 2018, 2024 report","ZIP-year (Count H + Count E) / (N+L+M+H+E), summed over policy forms HO RT CO MH DO DT (FP excluded); USPS ZIP to 2020 ZCTA by identity",1,2.6478,"CDI SB 824 Wildfire Risk Information data (docs/sources.md S2), Fire Risk Scores slice","calendar year 2023, 2024 report","ZIP-year mean of Avg Fire Risk (0-4) weighted by scored policy count N+L+M+H+E, summed over policy forms HO RT CO MH DO DT (FP excluded); USPS ZIP to 2020 ZCTA by identity",0,0.6523,"CDI SB 824 Wildfire Risk Information data (docs/sources.md S2), Fire Risk Scores slice","calendar year 2023, 2024 report","ZIP-year (Count H + Count E) / (N+L+M+H+E), summed over policy forms HO RT CO MH DO DT (FP excluded); USPS ZIP to 2020 ZCTA by identity",0,0,0,,0,0,,0,,MOR_2021_08_17;MOR_2021_08_30;MOR_2022_09_08
96142,region,06061,2238,1.91,"CDI SB 824 Wildfire Risk Information data (docs/sources.md S2), Fire Risk Scores slice","calendar year 2018, 2024 report","ZIP-year mean of Avg Fire Risk (0-4) weighted by scored policy count N+L+M+H+E, summed over policy forms HO RT CO MH DO DT (FP excluded); USPS ZIP to 2020 ZCTA by identity",1,0.2407,"CDI SB 824 Wildfire Risk Information data (docs/sources.md S2), Fire Risk Scores slice","calendar year 2018, 2024 report","ZIP-year (Count H + Count E) / (N+L+M+H+E), summed over policy forms HO RT CO MH DO DT (FP excluded); USPS ZIP to 2020 ZCTA by identity",1,2.5927,"CDI SB 824 Wildfire Risk Information data (docs/sources.md S2), Fire Risk Scores slice","calendar year 2023, 2024 report","ZIP-year mean of Avg Fire Risk (0-4) weighted by scored policy count N+L+M+H+E, summed over policy forms HO RT CO MH DO DT (FP excluded); USPS ZIP to 2020 ZCTA by identity",0,0.5821,"CDI SB 824 Wildfire Risk Information data (docs/sources.md S2), Fire Risk Scores slice","calendar year 2023, 2024 report","ZIP-year (Count H + Count E) / (N+L+M+H+E), summed over policy forms HO RT CO MH DO DT (FP excluded); USPS ZIP to 2020 ZCTA by identity",0,0,0,,0,0,,0,,MOR_2021_08_17;MOR_2021_08_30
96143,region,06061,2987,2.3921,"CDI SB 824 Wildfire Risk Information data (docs/sources.md S2), Fire Risk Scores slice","calendar year 2018, 2024 report","ZIP-year mean of Avg Fire Risk (0-4) weighted by scored policy count N+L+M+H+E, summed over policy forms HO RT CO MH DO DT (FP excluded); USPS ZIP to 2020 ZCTA by identity",1,0.5808,"CDI SB 824 Wildfire Risk Information data (docs/sources.md S2), Fire Risk Scores slice","calendar year 2018, 2024 report","ZIP-year (Count H + Count E) / (N+L+M+H+E), summed over policy forms HO RT CO MH DO DT (FP excluded); USPS ZIP to 2020 ZCTA by identity",1,2.6208,"CDI SB 824 Wildfire Risk Information data (docs/sources.md S2), Fire Risk Scores slice","calendar year 2023, 2024 report","ZIP-year mean of Avg Fire Risk (0-4) weighted by scored policy count N+L+M+H+E, summed over policy forms HO RT CO MH DO DT (FP excluded); USPS ZIP to 2020 ZCTA by identity",0,0.6997,"CDI SB 824 Wildfire Risk Information data (docs/sources.md S2), Fire Risk Scores slice","calendar year 2023, 2024 report","ZIP-year (Count H + Count E) / (N+L+M+H+E), summed over policy forms HO RT CO MH DO DT (FP excluded); USPS ZIP to 2020 ZCTA by identity",0,0,0,,0,0,,0,,
96145,region,06061,4872,2.3696,"CDI SB 824 Wildfire Risk Information data (docs/sources.md S2), Fire Risk Scores slice","calendar year 2018, 2024 report","ZIP-year mean of Avg Fire Risk (0-4) weighted by scored policy count N+L+M+H+E, summed over policy forms HO RT CO MH DO DT (FP excluded); USPS ZIP to 2020 ZCTA by identity",1,0.5792,"CDI SB 824 Wildfire Risk Information data (docs/sources.md S2), Fire Risk Scores slice","calendar year 2018, 2024 report","ZIP-year (Count H + Count E) / (N+L+M+H+E), summed over policy forms HO RT CO MH DO DT (FP excluded); USPS ZIP to 2020 ZCTA by identity",1,2.6276,"CDI SB 824 Wildfire Risk Information data (docs/sources.md S2), Fire Risk Scores slice","calendar year 2023, 2024 report","ZIP-year mean of Avg Fire Risk (0-4) weighted by scored policy count N+L+M+H+E, summed over policy forms HO RT CO MH DO DT (FP excluded); USPS ZIP to 2020 ZCTA by identity",0,0.6646,"CDI SB 824 Wildfire Risk Information data (docs/sources.md S2), Fire Risk Scores slice","calendar year 2023, 2024 report","ZIP-year (Count H + Count E) / (N+L+M+H+E), summed over policy forms HO RT CO MH DO DT (FP excluded); USPS ZIP to 2020 ZCTA by identity",0,0,0,,0,0,,0,,MOR_2021_08_17;MOR_2021_08_30;MOR_2022_09_08
96146,region,06061,2496,2.4909,"CDI SB 824 Wildfire Risk Information data (docs/sources.md S2), Fire Risk Scores slice","calendar year 2018, 2024 report","ZIP-year mean of Avg Fire Risk (0-4) weighted by scored policy count N+L+M+H+E, summed over policy forms HO RT CO MH DO DT (FP excluded); USPS ZIP to 2020 ZCTA by identity",1,0.6763,"CDI SB 824 Wildfire Risk Information data (docs/sources.md S2), Fire Risk Scores slice","calendar year 2018, 2024 report","ZIP-year (Count H + Count E) / (N+L+M+H+E), summed over policy forms HO RT CO MH DO DT (FP excluded); USPS ZIP to 2020 ZCTA by identity",1,2.5239,"CDI SB 824 Wildfire Risk Information data (docs/sources.md S2), Fire Risk Scores slice","calendar year 2023, 2024 report","ZIP-year mean of Avg Fire Risk (0-4) weighted by scored policy count N+L+M+H+E, summed over policy forms HO RT CO MH DO DT (FP excluded); USPS ZIP to 2020 ZCTA by identity",0,0.6772,"CDI SB 824 Wildfire Risk Information data (docs/sources.md S2), Fire Risk Scores slice","calendar year 2023, 2024 report","ZIP-year (Count H + Count E) / (N+L+M+H+E), summed over policy forms HO RT CO MH DO DT (FP excluded); USPS ZIP to 2020 ZCTA by identity",0,0,0,,0,0,,0,,MOR_2021_08_17;MOR_2021_08_30;MOR_2022_09_08
96148,region,06061,937,1.9481,"CDI SB 824 Wildfire Risk Information data (docs/sources.md S2), Fire Risk Scores slice","calendar year 2018, 2024 report","ZIP-year mean of Avg Fire Risk (0-4) weighted by scored policy count N+L+M+H+E, summed over policy forms HO RT CO MH DO DT (FP excluded); USPS ZIP to 2020 ZCTA by identity",1,0.3603,"CDI SB 824 Wildfire Risk Information data (docs/sources.md S2), Fire Risk Scores slice","calendar year 2018, 2024 report","ZIP-year (Count H + Count E) / (N+L+M+H+E), summed over policy forms HO RT CO MH DO DT (FP excluded); USPS ZIP to 2020 ZCTA by identity",1,2.666,"CDI SB 824 Wildfire Risk Information data (docs/sources.md S2), Fire Risk Scores slice","calendar year 2023, 2024 report","ZIP-year mean of Avg Fire Risk (0-4) weighted by scored policy count N+L+M+H+E, summed over policy forms HO RT CO MH DO DT (FP excluded); USPS ZIP to 2020 ZCTA by identity",0,0.6863,"CDI SB 824 Wildfire Risk Information data (docs/sources.md S2), Fire Risk Scores slice","calendar year 2023, 2024 report","ZIP-year (Count H + Count E) / (N+L+M+H+E), summed over policy forms HO RT CO MH DO DT (FP excluded); USPS ZIP to 2020 ZCTA by identity",0,0,0,,0,0,,0,,
96161,excluded_east,06057,18545,2.2964,"CDI SB 824 Wildfire Risk Information data (docs/sources.md S2), Fire Risk Scores slice","calendar year 2018, 2024 report","ZIP-year mean of Avg Fire Risk (0-4) weighted by scored policy count N+L+M+H+E, summed over policy forms HO RT CO MH DO DT (FP excluded); USPS ZIP to 2020 ZCTA by identity",1,0.4958,"CDI SB 824 Wildfire Risk Information data (docs/sources.md S2), Fire Risk Scores slice","calendar year 2018, 2024 report","ZIP-year (Count H + Count E) / (N+L+M+H+E), summed over policy forms HO RT CO MH DO DT (FP excluded); USPS ZIP to 2020 ZCTA by identity",1,2.5456,"CDI SB 824 Wildfire Risk Information data (docs/sources.md S2), Fire Risk Scores slice","calendar year 2023, 2024 report","ZIP-year mean of Avg Fire Risk (0-4) weighted by scored policy count N+L+M+H+E, summed over policy forms HO RT CO MH DO DT (FP excluded); USPS ZIP to 2020 ZCTA by identity",0,0.6141,"CDI SB 824 Wildfire Risk Information data (docs/sources.md S2), Fire Risk Scores slice","calendar year 2023, 2024 report","ZIP-year (Count H + Count E) / (N+L+M+H+E), summed over policy forms HO RT CO MH DO DT (FP excluded); USPS ZIP to 2020 ZCTA by identity",0,0,0,,0,0,,0,,
