zip,year,zhvi,zhvi_months,zillow_region_id,zillow_county
95424,2007,167818.14,12,98188,Lake County
95424,2008,155288.25,12,98188,Lake County
95424,2009,134507.37,12,98188,Lake County
95424,2010,127048.87,12,98188,Lake County
95424,2011,121990.67,12,98188,Lake County
95424,2012,117729.64,12,98188,Lake County
95424,2013,130838.55,12,98188,Lake County
95424,2014,151569.33,12,98188,Lake County
95424,2015,168832.34,12,98188,Lake County
95424,2016,194373.87,12,98188,Lake County
95424,2017,216906.91,12,98188,Lake County
95424,2018,241194.37,12,98188,Lake County
95424,2019,260988.42,12,98188,Lake County
95424,2020,285054.76,12,98188,Lake County
95424,2021,316792.6,12,98188,Lake County
95424,2022,340843.62,12,98188,Lake County
95424,2023,298468.98,12,98188,Lake County
95424,2024,281028.4,12,98188,Lake County
95424,2025,270999.05,12,98188,Lake County
95424,2026,,8,98188,Lake County
95433,2000,196216.64,12,98197,Sonoma County
95433,2001,248446.91,12,98197,Sonoma County
95433,2002,276303.32,12,98197,Sonoma County
95433,2003,310924.48,12,98197,Sonoma County
95433,2004,357578.69,12,98197,Sonoma County
95433,2005,424829.05,12,98197,Sonoma County
95433,2006,448260.28,12,98197,Sonoma County
95433,2007,415891.4,12,98197,Sonoma County
95433,2008,357214.42,12,98197,Sonoma County
95433,2009,279469.88,12,98197,Sonoma County
95433,2010,264323.02,12,98197,Sonoma County
95433,2011,244524.08,12,98197,Sonoma County
95433,2012,240071.61,12,98197,Sonoma County
95433,2013,284418.28,12,98197,Sonoma County
95433,2014,345344.2,12,98197,Sonoma County
95433,2015,402445.37,12,98197,Sonoma County
95433,2016,463225.08,12,98197,Sonoma County
95433,2017,491428.54,12,98197,Sonoma County
95433,2018,530819.61,12,98197,Sonoma County
95433,2019,572946.44,12,98197,Sonoma County
95433,2020,600970.95,12,98197,Sonoma County
95433,2021,708248.51,12,98197,Sonoma County
95433,2022,769740.58,12,98197,Sonoma County
95433,2023,783834.65,12,98197,Sonoma County
95433,2024,759243.27,12,98197,Sonoma County
95433,2025,747261.34,12,98197,Sonoma County
95433,2026,,8,98197,Sonoma County
