zip,year,policy_form,sources,exposure_unit,exposures,premium_basis,written_premium,earned_premium,avg_premium_per_exposure,avg_coverage_a,avg_coverage_c,coverage_basis,premium_per_1000_coverage_a,form_share_of_admitted,owner_occupied_share,policies_new,policies_renewed,nonrenewed_total,nonrenewed_insurer,nonrenewed_insured,nonrenewal_rate,nonrenewal_scope,s3_vintage,series_break,voluntary_dwelling_units,fair_plan_dwelling_units,fair_plan_share,denominator_source,suppressed,coverage_def_change,mix_shift,combined_premium_unavailable
95712,2015,admitted_homeowners,S3,,,,,,,,,,,,,0.0,17.0,0.0,0.0,0.0,0.0,voluntary_market_all_forms,2015-2021,False,,,,nonrenewal_rate=S3 2015-2021 renewed+nonrenewed,False,False,False,True
95712,2016,admitted_homeowners,S3,,,,,,,,,,,,,2.0,15.0,4.0,0.0,4.0,0.21052631578947367,voluntary_market_all_forms,2015-2021,False,,,,nonrenewal_rate=S3 2015-2021 renewed+nonrenewed,False,False,False,True
95712,2017,admitted_homeowners,S3,,,,,,,,,,,,,2.0,16.0,0.0,0.0,0.0,0.0,voluntary_market_all_forms,2015-2021,False,,,,nonrenewal_rate=S3 2015-2021 renewed+nonrenewed,False,False,False,True
95712,2018,admitted_homeowners,S2;S3,earned_house_years,13.0,earned,,19509.0,1500.6923076923076,519198.51,351534.73000000004,end_of_year,2.890401799674478,1.0,,1.0,11.0,5.0,1.0,4.0,0.3125,voluntary_market_all_forms,2015-2021,False,,,,avg_premium_per_exposure=S2 All Companies earned exposure; premium_per_1000_coverage_a=S2 avg Coverage A (end_of_year); nonrenewal_rate=S3 2015-2021 renewed+nonrenewed,False,False,False,False
95712,2019,admitted_homeowners,S2;S3,earned_house_years,6.0,earned,,7209.0,1201.5,416142.09,312431.22,end_of_year,2.887234982647393,1.0,,1.0,7.0,2.0,1.0,1.0,0.2222222222222222,voluntary_market_all_forms,2015-2021,False,,,,avg_premium_per_exposure=S2 All Companies earned exposure; premium_per_1000_coverage_a=S2 avg Coverage A (end_of_year); nonrenewal_rate=S3 2015-2021 renewed+nonrenewed,False,False,False,False
95712,2020,admitted_homeowners,S2;S3,earned_house_years,5.0,earned,,6105.0,1221.0,475380.0,358545.0,end_of_year,2.5684715385586268,0.8333333333333334,,0.0,6.0,1.0,,,0.14285714285714285,voluntary_market_all_forms,2020-2023,True,,,,avg_premium_per_exposure=S2 All Companies earned exposure; premium_per_1000_coverage_a=S2 avg Coverage A (end_of_year); nonrenewal_rate=S3 2020-2023 renewed+nonrenewed,False,False,True,False
95712,2021,admitted_homeowners,S2;S3,earned_house_years,4.0,earned,,6136.0,1534.0,476888.12,359808.43,start_of_year,3.216687385712188,0.5714285714285714,,0.0,5.0,1.0,,,0.16666666666666666,voluntary_market_all_forms,2020-2023,False,,,,avg_premium_per_exposure=S2 All Companies earned exposure; premium_per_1000_coverage_a=S2 avg Coverage A (start_of_year); nonrenewal_rate=S3 2020-2023 renewed+nonrenewed,False,True,True,False
95712,2022,admitted_homeowners,S2;S3,earned_house_years,3.0,earned,,6623.0,2207.6666666666665,521433.33,393575.0,start_of_year,4.23384264037488,0.6,,0.0,5.0,1.0,,,0.16666666666666666,voluntary_market_all_forms,2020-2023,False,,,,avg_premium_per_exposure=S2 All Companies earned exposure; premium_per_1000_coverage_a=S2 avg Coverage A (start_of_year); nonrenewal_rate=S3 2020-2023 renewed+nonrenewed,False,False,False,False
95712,2023,admitted_homeowners,S2;S3,earned_house_years,3.0,earned,,7425.0,2475.0,553666.67,417750.0,start_of_year,4.4701986485839935,0.6,,0.0,3.0,1.0,,,0.25,voluntary_market_all_forms,2020-2023,False,,,,avg_premium_per_exposure=S2 All Companies earned exposure; premium_per_1000_coverage_a=S2 avg Coverage A (start_of_year); nonrenewal_rate=S3 2020-2023 renewed+nonrenewed,False,False,False,False
95712,2019,dwelling_fire,S2,earned_house_years,0.0,earned,,1051.0,,,,end_of_year,,0.0,,,,,,,,,,False,,,,,False,False,False,False
95712,2020,dwelling_fire,S2,earned_house_years,1.0,earned,,4108.0,4108.0,683280.58,206885.55,end_of_year,6.012171456709629,0.16666666666666666,1.0,,,,,,,,,False,,,,avg_premium_per_exposure=S2 All Companies earned exposure; premium_per_1000_coverage_a=S2 avg Coverage A (end_of_year),False,False,True,False
95712,2021,dwelling_fire,S2,earned_house_years,3.0,earned,,7488.0,2496.0,456922.16,173811.96,start_of_year,5.462637224686148,0.42857142857142855,1.0,,,,,,,,,False,,,,avg_premium_per_exposure=S2 All Companies earned exposure; premium_per_1000_coverage_a=S2 avg Coverage A (start_of_year),False,True,True,False
95712,2022,dwelling_fire,S2,earned_house_years,2.0,earned,,6185.0,3092.5,360579.0,158500.0,start_of_year,8.57648393278588,0.4,1.0,,,,,,,,,False,,,,avg_premium_per_exposure=S2 All Companies earned exposure; premium_per_1000_coverage_a=S2 avg Coverage A (start_of_year),False,False,False,False
95712,2023,dwelling_fire,S2,earned_house_years,2.0,earned,,6525.0,3262.5,390855.5,158500.0,start_of_year,8.347074558244671,0.4,1.0,,,,,,,,,False,,,,avg_premium_per_exposure=S2 All Companies earned exposure; premium_per_1000_coverage_a=S2 avg Coverage A (start_of_year),False,False,False,False
95712,2022,fair_plan,S6,dwelling_units,,,,,,,,,,,,,,,,,,,,False,,,,,True,False,False,True
95924,2015,admitted_homeowners,S3,,,,,,,,,,,,,4.0,18.0,2.0,2.0,0.0,0.1,voluntary_market_all_forms,2015-2021,False,,,,nonrenewal_rate=S3 2015-2021 renewed+nonrenewed,False,False,False,True
95924,2016,admitted_homeowners,S3,,,,,,,,,,,,,1.0,19.0,2.0,1.0,1.0,0.09523809523809523,voluntary_market_all_forms,2015-2021,False,,,,nonrenewal_rate=S3 2015-2021 renewed+nonrenewed,False,False,False,True
95924,2017,admitted_homeowners,S3,,,,,,,,,,,,,0.0,21.0,1.0,0.0,1.0,0.045454545454545456,voluntary_market_all_forms,2015-2021,False,,,,nonrenewal_rate=S3 2015-2021 renewed+nonrenewed,False,False,False,True
95924,2018,admitted_homeowners,S2;S3,earned_house_years,15.0,earned,,14573.0,971.5333333333333,303459.67,225486.48,end_of_year,3.20152372581613,0.7142857142857143,,4.0,19.0,2.0,1.0,1.0,0.09523809523809523,voluntary_market_all_forms,2015-2021,False,,,,avg_premium_per_exposure=S2 All Companies earned exposure; premium_per_1000_coverage_a=S2 avg Coverage A (end_of_year); nonrenewal_rate=S3 2015-2021 renewed+nonrenewed,False,False,False,False
95924,2019,admitted_homeowners,S2;S3,earned_house_years,16.0,earned,,16861.0,1053.8125,317227.26,237742.12,end_of_year,3.3219481200953536,0.7272727272727273,,2.0,18.0,6.0,4.0,2.0,0.25,voluntary_market_all_forms,2015-2021,False,,,,avg_premium_per_exposure=S2 All Companies earned exposure; premium_per_1000_coverage_a=S2 avg Coverage A (end_of_year); nonrenewal_rate=S3 2015-2021 renewed+nonrenewed,False,False,False,False
95924,2020,admitted_homeowners,S2;S3,earned_house_years,16.0,earned,,19997.0,1249.8125,327052.12,245800.12,end_of_year,3.8214474806033976,0.6666666666666666,,1.0,16.0,2.0,,,0.1111111111111111,voluntary_market_all_forms,2020-2023,True,,,,avg_premium_per_exposure=S2 All Companies earned exposure; premium_per_1000_coverage_a=S2 avg Coverage A (end_of_year); nonrenewal_rate=S3 2020-2023 renewed+nonrenewed,False,False,True,False
95924,2021,admitted_homeowners,S2;S3,earned_house_years,15.0,earned,,22520.0,1501.3333333333333,323889.01,243201.94,start_of_year,4.635332743563399,0.7142857142857143,,1.0,15.0,0.0,,,0.0,voluntary_market_all_forms,2020-2023,False,,,,avg_premium_per_exposure=S2 All Companies earned exposure; premium_per_1000_coverage_a=S2 avg Coverage A (start_of_year); nonrenewal_rate=S3 2020-2023 renewed+nonrenewed,False,True,False,False
95924,2022,admitted_homeowners,S2;S3,earned_house_years,10.0,earned,,20826.0,2082.6,382340.0,285360.0,start_of_year,5.446984359470628,0.7142857142857143,,0.0,12.0,0.0,,,0.0,voluntary_market_all_forms,2020-2023,False,,,,avg_premium_per_exposure=S2 All Companies earned exposure; premium_per_1000_coverage_a=S2 avg Coverage A (start_of_year); nonrenewal_rate=S3 2020-2023 renewed+nonrenewed,False,False,False,False
95924,2023,admitted_homeowners,S2;S3,earned_house_years,9.0,earned,,19208.0,2134.222222222222,421600.0,314388.0,start_of_year,5.062196921779464,0.75,,0.0,11.0,1.0,,,0.08333333333333333,voluntary_market_all_forms,2020-2023,False,,,,avg_premium_per_exposure=S2 All Companies earned exposure; premium_per_1000_coverage_a=S2 avg Coverage A (start_of_year); nonrenewal_rate=S3 2020-2023 renewed+nonrenewed,False,False,False,False
95924,2018,dwelling_fire,S2,earned_house_years,6.0,earned,,3994.0,665.6666666666666,275473.63666666666,17821.326666666664,end_of_year,2.4164441821783043,0.2857142857142857,0.3333333333333333,,,,,,,,,False,,,,avg_premium_per_exposure=S2 All Companies earned exposure; premium_per_1000_coverage_a=S2 avg Coverage A (end_of_year),False,False,False,False
95924,2019,dwelling_fire,S2,earned_house_years,6.0,earned,,5777.0,962.8333333333334,295985.11333333334,33319.409999999996,end_of_year,3.2529789167099326,0.2727272727272727,0.3333333333333333,,,,,,,,,False,,,,avg_premium_per_exposure=S2 All Companies earned exposure; premium_per_1000_coverage_a=S2 avg Coverage A (end_of_year),False,False,False,False
95924,2020,dwelling_fire,S2,earned_house_years,8.0,earned,,8188.0,1023.5,325942.945,37998.5875,end_of_year,3.1401201213298235,0.3333333333333333,0.25,,,,,,,,,False,,,,avg_premium_per_exposure=S2 All Companies earned exposure; premium_per_1000_coverage_a=S2 avg Coverage A (end_of_year),False,False,True,False
95924,2021,dwelling_fire,S2,earned_house_years,6.0,earned,,6774.0,1129.0,320021.6683333333,20944.016666666666,start_of_year,3.527886114336602,0.2857142857142857,0.16666666666666666,,,,,,,,,False,,,,avg_premium_per_exposure=S2 All Companies earned exposure; premium_per_1000_coverage_a=S2 avg Coverage A (start_of_year),False,True,False,False
95924,2022,dwelling_fire,S2,earned_house_years,4.0,earned,,5594.0,1398.5,365335.7525,28307.5025,start_of_year,3.827985600724911,0.2857142857142857,0.25,,,,,,,,,False,,,,avg_premium_per_exposure=S2 All Companies earned exposure; premium_per_1000_coverage_a=S2 avg Coverage A (start_of_year),False,False,False,False
95924,2023,dwelling_fire,S2,earned_house_years,3.0,earned,,5374.0,1791.3333333333333,432514.22,30987.27,start_of_year,4.141675002808771,0.25,0.0,,,,,,,,,False,,,,avg_premium_per_exposure=S2 All Companies earned exposure; premium_per_1000_coverage_a=S2 avg Coverage A (start_of_year),False,False,True,False
95924,2022,fair_plan,S6,dwelling_units,,,,,,,,,,,,,,,,,,,,False,,,,,True,False,False,True
