zip,year,avg_fire_risk,high_extreme_share,scored
95712,2018,2.246153846153846,0.38461538461538464,13.0
95712,2019,2.2857142857142856,0.2857142857142857,7.0
95712,2020,2.5444444444444443,0.4444444444444444,9.0
95712,2021,2.7333333333333334,0.6666666666666666,9.0
95712,2022,2.7375,0.625,8.0
95712,2023,2.5,0.5,6.0
95724,2018,2.4567515923566883,0.445859872611465,157.0
95724,2019,2.5365030674846625,0.5460122699386503,163.0
95724,2020,2.5600625,0.5875,160.0
95724,2021,2.4130285714285713,0.49714285714285716,175.0
95724,2022,2.4134969325153373,0.48466257668711654,163.0
95724,2023,2.5931952662721893,0.591715976331361,169.0
95924,2018,1.7425,0.041666666666666664,24.0
95924,2019,1.9579166666666667,0.041666666666666664,24.0
95924,2020,2.0235714285714286,0.07142857142857142,28.0
95924,2021,2.0856521739130436,0.08695652173913043,23.0
95924,2022,2.117058823529412,0.11764705882352941,17.0
95924,2023,2.342142857142857,0.35714285714285715,14.0
96160,2018,2.1250000000000004,0.375,24.0
96160,2019,2.3575000000000004,0.5833333333333334,24.0
96160,2020,1.758888888888889,0.2777777777777778,18.0
96160,2021,1.89625,0.375,16.0
96160,2022,2.678888888888889,0.6666666666666666,9.0
96160,2023,3.0,0.8333333333333334,6.0
96162,2018,2.2352777777777777,0.3055555555555556,36.0
96162,2019,2.2943333333333333,0.3,30.0
96162,2020,2.2888888888888888,0.2962962962962963,27.0
96162,2021,2.28125,0.3125,32.0
96162,2022,2.44074074074074,0.48148148148148145,27.0
96162,2023,2.501818181818182,0.5454545454545454,22.0
